ts_ms,heap_mb,total_mb,num_gc,pause_ms
1766167667307,940.25,973.90,8,2.06
1766167667372,941.63,1023.65,9,2.06
1766167667400,930.74,1064.92,10,3.59
1766167667462,938.93,1098.26,11,3.59
1766167667498,942.99,1126.22,11,3.59
1766167667565,942.82,1174.06,12,3.59
1766167667631,933.58,1213.05,13,3.59
1766167667648,937.88,1230.11,14,3.59
1766167667698,942.65,1270.11,14,3.59
1766167667766,940.56,1315.16,15,3.59
1766167667833,943.07,1365.90,16,3.59
1766167667853,940.08,1377.45,17,3.59
1766167667901,941.98,1413.57,17,3.59
1766167667968,943.01,1462.08,18,4.11
1766167668032,938.94,1505.57,19,4.11
1766167668057,951.75,1533.81,20,4.46
1766167668100,943.12,1557.24,20,4.46
1766167668148,937.43,1603.29,21,4.46
1766167668231,937.56,1651.69,22,4.46
1766167668252,940.61,1669.59,23,4.46
1766167668297,942.81,1704.55,23,4.46
1766167668362,942.51,1750.67,24,4.46
1766167668420,939.93,1794.85,25,4.46
1766167668454,927.77,1830.57,26,4.46
1766167668497,942.39,1845.18,26,4.46
1766167668559,942.01,1890.13,27,4.46
1766167668609,937.24,1933.05,28,4.46
1766167668649,930.66,1972.19,29,4.46
1766167668713,934.58,1998.73,30,4.46
1766167668759,942.96,2032.57,30,4.46
1766167668827,941.54,2076.68,31,6.17
1766167668849,938.35,2091.50,32,7.68
1766167668897,942.62,2123.37,32,7.68
1766167668960,942.44,2170.91,33,7.68
1766167669027,936.54,2209.72,34,7.68
1766167669053,928.01,2249.16,35,8.19
1766167669113,941.50,2280.56,36,8.19
1766167669159,938.78,2305.28,36,8.19
1766167669225,942.60,2355.87,37,8.19
1766167669257,941.43,2373.34,38,8.19
1766167669310,942.46,2402.85,38,8.19
1766167669376,942.80,2449.56,39,8.19
1766167669408,942.46,2467.49,40,8.19
1766167669453,942.81,2495.16,40,8.19
1766167669519,943.11,2543.31,41,8.19
1766167669585,941.36,2587.79,42,8.19
1766167669601,947.80,2607.56,43,8.19
1766167669651,942.96,2637.03,43,8.19
1766167669715,943.21,2683.52,44,8.19
1766167669780,938.33,2725.90,45,8.19
1766167669804,941.64,2750.28,46,8.19
1766167669847,941.77,2774.35,46,8.19
1766167669912,941.74,2820.22,47,8.19
1766167669963,938.86,2861.20,48,8.19
1766167669999,939.52,2889.60,49,8.19
1766167670062,941.28,2931.25,50,8.19
1766167670099,939.65,2954.69,50,8.19
1766167670150,934.56,2996.79,51,8.19
1766167670233,942.83,3047.70,52,8.19
1766167670257,931.24,3081.54,53,8.19
1766167670298,941.68,3091.97,53,8.19
1766167670362,941.81,3128.84,54,8.19
1766167670431,931.42,3155.19,55,9.70
1766167670448,942.57,3178.35,56,9.70
1766167670506,943.07,3200.88,56,9.70
1766167670561,934.10,3227.94,57,9.70
1766167670599,933.04,3261.85,58,9.70
1766167670660,943.25,3290.79,59,9.70
1766167670713,941.48,3303.95,59,9.70
1766167670773,938.93,3334.37,60,9.70
1766167670805,933.14,3362.19,61,10.73
1766167670849,1004.05,3433.09,61,10.73
1766167670916,1014.12,3475.75,62,10.73
1766167670994,996.46,3529.95,63,10.73
1766167671018,1061.03,3594.52,63,10.73
1766167671088,998.56,3627.52,64,10.73
1766167671115,1031.75,3660.70,64,10.73
1766167671180,1005.59,3725.67,65,10.73
1766167671198,1041.42,3761.50,65,10.73
1766167671281,1006.28,3824.48,66,10.73
1766167671330,1104.28,3922.47,66,10.73
1766167671380,1006.40,3923.37,67,10.73
1766167671400,1050.26,3967.24,67,10.73
1766167671482,1008.63,4022.32,68,10.73
1766167671519,1058.38,4072.07,68,10.73
1766167671581,1008.80,4121.39,69,10.73
1766167671609,1043.26,4155.85,69,10.73
1766167671686,1008.91,4220.52,70,10.73
1766167671700,1039.71,4251.31,70,10.73
1766167671784,1008.94,4319.64,71,10.73
1766167671814,1049.53,4360.22,71,10.73
1766167671896,1009.02,4418.80,72,10.73
1766167671896,1009.18,4418.95,72,10.73
1766167671991,1019.47,4518.86,73,10.73
1766167672009,1060.13,4559.51,73,10.73
1766167672096,1023.26,4619.43,74,10.73
1766167672097,1025.86,4622.03,74,10.73
1766167672193,1023.24,4719.96,75,10.73
1766167672241,1123.58,4820.30,75,10.73
1766167672299,1028.62,4820.51,76,10.73
1766167672299,1028.62,4820.52,76,10.73
1766167672348,1129.14,4921.03,76,10.73
1766167672423,1043.15,4934.46,77,10.73
1766167672500,1032.36,5022.82,78,10.73
1766167672500,1032.40,5022.85,78,10.73
1766167672548,1132.61,5123.06,78,10.73
1766167672604,1045.47,5137.01,79,10.73
1766167672651,1133.17,5224.71,79,10.73
1766167672731,1034.84,5226.59,80,10.73
1766167672752,1123.30,5315.05,80,10.73
1766167672813,1034.06,5327.23,81,10.73
1766167672861,1126.53,5419.70,81,10.73
1766167672918,1042.25,5428.86,82,10.73
1766167672964,1130.35,5516.97,82,10.73
1766167673019,1042.94,5531.18,83,10.73
1766167673065,1108.08,5596.32,83,10.73
1766167673125,1043.08,5633.62,84,10.73
1766167673175,1101.28,5691.82,84,10.73
1766167673230,1043.84,5736.08,85,12.24
1766167673270,1105.56,5797.79,85,12.24
1766167673316,1046.31,5838.63,86,12.24
1766167673383,1148.09,5940.41,86,12.24
1766167673441,1046.55,5941.35,87,12.24
1766167673460,1083.10,5977.90,87,12.24
1766167673564,1046.60,6044.08,88,12.24
1766167673564,1046.60,6044.09,88,12.24
1766167673614,1149.16,6146.64,88,12.24
1766167673678,1056.08,6146.85,89,12.24
1766167673729,1106.71,6197.48,89,12.24
1766167673797,1057.07,6250.58,90,12.24
1766167673797,1057.07,6250.59,90,12.24
1766167673850,1159.74,6353.25,90,12.24
1766167673912,1059.07,6354.39,91,12.81
1766167673962,1132.94,6428.26,91,12.81
1766167674028,1059.28,6458.34,92,12.81
1766167674072,1127.05,6526.11,92,12.81
1766167674136,1059.30,6562.28,93,12.81
1766167674185,1109.96,6612.94,93,12.81
1766167674255,1059.82,6666.30,94,12.81
1766167674256,1059.89,6666.37,94,12.81
1766167674308,1159.77,6766.25,94,12.81
1766167674425,1163.20,6873.69,95,12.81
1766167674427,1163.64,6874.13,95,12.81
1766167674489,1062.93,6874.43,96,12.81
1766167674539,1166.21,6977.70,96,12.81
1766167674600,1063.10,6978.71,97,12.81
1766167674601,1063.14,6978.75,97,12.81
1766167674651,1166.66,7082.27,97,12.81
1766167674738,1069.17,7088.85,98,13.35
1766167674761,1163.58,7183.26,98,13.35
1766167674821,1065.29,7187.47,99,13.35
1766167674849,1116.99,7239.16,99,13.35
1766167674939,1065.49,7291.99,100,13.35
1766167674969,1099.92,7326.43,100,13.35
1766167675052,1069.88,7396.56,101,13.35
1766167675054,1069.88,7396.56,101,13.35
1766167675118,1174.17,7500.85,101,13.35
1766167675174,1070.31,7501.54,102,13.35
1766167675205,1139.35,7570.57,102,13.35
1766167675276,1070.33,7606.53,103,13.35
1766167675308,1132.30,7668.50,103,13.35
1766167675390,1070.41,7711.58,104,13.35
1766167675442,1168.34,7809.52,104,13.35
1766167675499,1073.82,7816.66,105,13.35
1766167675499,1073.86,7816.70,105,13.35
1766167675550,1178.20,7921.04,105,13.35
1766167675619,1101.75,7947.64,106,13.35
1766167675651,1171.47,8017.36,106,13.35
1766167675763,1182.19,8133.60,107,13.35
1766167675824,1088.51,8135.26,108,13.35
1766167675855,1160.43,8207.19,108,13.35
1766167675929,1088.02,8242.05,109,13.35
1766167675954,1144.24,8298.26,109,13.35
1766167676039,1088.13,8348.77,110,13.35
1766167676060,1135.91,8396.55,110,13.35
1766167676146,1092.74,8455.55,111,13.35
1766167676172,1127.77,8490.58,111,13.35
1766167676197,1199.55,8562.36,111,13.35
1766167676302,1198.29,8667.80,112,13.35
1766167676358,1093.33,8670.00,113,13.35
1766167676399,1200.46,8777.13,113,13.35
1766167676477,1093.73,8777.58,114,13.35
1766167676500,1189.61,8873.45,114,13.35
1766167676609,1199.48,8990.56,115,13.35
1766167676656,1093.35,8991.65,116,13.35
1766167676726,1161.44,9059.74,116,13.35
1766167676785,1094.39,9098.85,117,13.35
1766167676802,1128.76,9133.22,117,13.35
1766167676894,1103.10,9208.79,118,13.35
1766167676919,1130.54,9236.23,118,13.35
1766167676946,1211.21,9316.90,118,13.35
1766167677048,1203.38,9419.01,119,13.35
1766167677135,1123.61,9447.39,120,13.35
1766167677152,1195.50,9519.27,120,13.35
1766167677214,1112.02,9532.96,121,13.35
1766167677261,1200.48,9621.42,121,13.35
1766167677324,1122.48,9644.63,122,13.35
1766167677375,1195.19,9717.34,122,13.35
1766167677439,1120.84,9754.65,123,13.35
1766167677455,1153.21,9787.02,123,13.35
1766167677552,1120.76,9864.56,124,13.35
1766167677552,1120.76,9864.56,124,13.35
1766167677599,1231.84,9975.63,124,13.35
1766167677655,1131.56,9976.07,125,13.35
1766167677699,1231.83,10076.34,125,13.35
1766167677780,1139.13,10087.02,126,13.35
1766167677808,1228.89,10176.78,126,13.35
1766167677869,1140.68,10198.63,127,13.35
1766167677910,1229.27,10287.22,127,13.35
1766167677984,1149.19,10310.62,128,13.35
1766167677998,1176.49,10337.92,128,13.35
1766167678096,1156.59,10423.38,129,14.40
1766167678145,1269.49,10536.28,129,14.40
1766167678147,1269.87,10536.66,129,14.40
1766167678209,1157.56,10537.11,130,14.40
1766167678249,1251.78,10631.32,130,14.40
1766167678310,1158.12,10650.82,131,14.40
1766167678360,1248.25,10740.96,131,14.40
1766167678421,1157.64,10763.92,132,14.40
1766167678469,1230.84,10837.12,132,14.40
1766167678528,1166.33,10877.67,133,14.40
1766167678558,1233.46,10944.81,133,14.40
1766167678705,1331.50,11152.52,134,14.40
1766167679152,1235.89,11628.68,138,14.40
1766167679204,1348.48,11741.27,138,14.40
1766167679284,1253.92,11798.23,139,14.40
1766167679320,1317.60,11861.92,139,14.40
1766167679404,1207.00,11921.19,140,14.40
1766167679404,1207.01,11921.20,140,14.40
1766167679457,1324.84,12039.02,140,14.40
1766167679520,1211.21,12039.66,141,14.40
1766167679549,1267.96,12096.40,141,14.40
1766167679636,1212.37,12158.52,142,15.91
1766167679650,1242.96,12189.11,142,15.91
1766167679752,1212.36,12277.36,143,15.91
1766167679752,1212.36,12277.36,143,15.91
1766167679804,1330.16,12395.17,143,15.91
1766167679869,1212.48,12396.26,144,15.91
1766167679913,1301.58,12485.36,144,15.91
1766167679962,1221.07,12518.40,145,15.91
1766167680024,1275.31,12572.65,145,15.91
1766167680098,1218.85,12638.23,146,15.91
1766167680098,1218.85,12638.23,146,15.91
1766167680148,1333.42,12752.80,146,15.91
1766167680233,1225.53,12758.14,147,15.91
1766167680255,1322.55,12855.16,147,15.91
1766167680332,1228.45,12877.98,148,15.91
1766167680352,1269.29,12918.82,148,15.91
1766167680397,1348.21,12997.74,148,15.91
1766167680455,1228.57,12998.33,149,15.91
1766167680506,1342.55,13112.31,149,15.91
1766167680582,1228.78,13118.81,150,15.91
1766167680612,1262.24,13152.27,150,15.91
1766167680701,1231.27,13239.25,151,15.91
1766167680701,1231.29,13239.27,151,15.91
1766167680761,1344.81,13352.79,151,15.91
1766167680827,1231.56,13359.97,152,15.91
1766167680858,1309.94,13438.35,152,15.91
1766167680941,1240.78,13481.74,153,15.91
1766167680959,1275.84,13516.80,153,15.91
1766167680998,1362.55,13603.51,153,15.91
1766167681086,1261.92,13614.91,154,16.42
1766167681110,1372.06,13725.06,154,16.42
1766167681173,1251.31,13726.09,155,16.42
1766167681202,1302.28,13777.07,155,16.42
1766167681295,1262.12,13848.94,156,16.42
1766167681319,1317.51,13904.32,156,16.42
1766167681351,1385.24,13972.05,156,16.42
1766167681467,1386.16,14095.82,157,16.42
1766167681532,1263.12,14096.46,158,16.93
1766167681551,1300.05,14133.38,158,16.93
1766167681658,1263.10,14220.24,159,17.49
1766167681658,1263.13,14220.27,159,17.49
1766167681710,1380.20,14337.35,159,17.49
1766167681781,1263.29,14344.07,160,17.49
1766167681814,1309.85,14390.63,160,17.49
1766167681900,1263.27,14467.86,161,17.49
1766167681900,1263.27,14467.86,161,17.49
1766167681954,1386.04,14590.63,161,17.49
1766167682022,1263.37,14591.68,162,17.49
1766167682074,1386.12,14714.44,162,17.49
1766167682139,1263.35,14715.46,163,17.49
1766167682154,1294.71,14746.82,163,17.49
1766167682260,1263.80,14839.34,164,17.49
1766167682262,1264.10,14839.64,164,17.49
1766167682312,1381.99,14957.53,164,17.49
1766167682379,1263.95,14963.14,165,17.49
1766167682425,1326.61,15025.79,165,17.49
1766167682500,1269.91,15087.06,166,17.49
1766167682500,1269.93,15087.08,166,17.49
1766167682553,1394.26,15211.41,166,17.49
1766167682617,1280.91,15211.59,167,17.49
1766167682650,1355.55,15286.23,167,17.49
1766167682738,1292.55,15339.88,168,17.49
1766167682762,1329.55,15376.88,168,17.49
1766167682857,1295.85,15466.61,169,17.49
1766167682857,1295.88,15466.64,169,17.49
1766167682907,1411.64,15582.39,169,17.49
1766167682979,1297.34,15593.85,170,17.49
1766167683034,1423.96,15720.47,170,17.49
1766167683099,1297.33,15720.99,171,17.49
1766167683099,1297.33,15720.99,171,17.49
1766167683153,1419.97,15843.64,171,17.49
1766167683221,1300.07,15848.34,172,17.49
1766167683251,1365.12,15913.39,172,17.49
1766167683343,1300.11,15975.72,173,17.49
1766167683362,1335.68,16011.28,173,17.49
1766167683399,1425.45,16101.06,173,17.49
1766167683469,1310.63,16103.22,174,17.49
1766167683523,1420.13,16212.72,174,17.49
1766167683592,1323.42,16231.74,175,18.00
1766167683603,1355.24,16263.57,175,18.00
1766167683652,1452.45,16360.78,175,18.00
1766167683717,1327.27,16361.54,176,18.00
1766167683754,1419.16,16453.42,176,18.00
1766167683819,1336.43,16491.71,177,18.00
1766167683873,1366.31,16521.59,177,18.00
1766167683897,1467.55,16622.83,177,18.00
1766167683982,1345.58,16622.96,178,18.52
1766167684004,1450.77,16728.15,178,18.52
1766167684084,1356.36,16757.24,179,20.03
1766167684113,1396.03,16796.91,179,20.03
1766167684211,1355.01,16890.26,180,20.03
1766167684211,1355.01,16890.26,180,20.03
1766167684273,1486.85,17022.11,180,20.03
1766167684341,1355.10,17023.12,181,20.03
1766167684397,1487.20,17155.22,181,20.03
1766167684467,1355.10,17155.98,182,20.03
1766167684505,1436.37,17237.26,182,20.03
1766167684592,1355.22,17288.96,183,21.54
1766167684628,1382.78,17316.52,183,21.54
1766167684652,1487.73,17421.46,183,21.54
1766167684721,1359.32,17421.94,184,21.54
1766167684755,1434.71,17497.33,184,21.54
1766167684849,1364.25,17555.28,185,21.54
1766167684849,1364.28,17555.32,185,21.54
1766167684903,1497.70,17688.73,185,21.54
1766167684974,1371.73,17689.11,186,21.54
1766167685003,1446.09,17763.47,186,21.54
1766167685102,1378.98,17823.96,187,21.54
1766167685102,1379.21,17824.19,187,21.54
1766167685154,1504.34,17949.32,187,21.54
1766167685229,1382.85,17959.23,188,21.54
1766167685250,1430.06,18006.44,188,21.54
1766167685355,1383.14,18094.78,189,21.54
1766167685355,1383.17,18094.81,189,21.54
1766167685402,1481.16,18192.80,189,21.54
1766167685482,1396.41,18231.33,190,21.54
1766167685540,1533.14,18368.06,190,21.54
1766167685608,1405.87,18368.26,191,21.54
1766167685608,1405.88,18368.26,191,21.54
1766167685668,1543.38,18505.76,191,21.54
1766167685739,1416.99,18506.21,192,21.54
1766167685753,1454.21,18543.43,192,21.54
1766167685797,1555.89,18645.11,192,21.54
1766167685917,1551.46,18778.59,193,21.54
1766167685989,1419.26,18784.30,194,21.54
1766167686024,1445.33,18810.37,194,21.54
1766167686047,1555.75,18920.78,194,21.54
1766167686115,1427.52,18923.51,195,21.54
1766167686158,1510.53,19006.53,195,21.54
1766167686245,1428.23,19063.44,196,21.54
1766167686258,1461.41,19096.62,196,21.54
1766167686303,1553.10,19188.30,196,21.54
1766167686375,1441.29,19203.63,197,21.54
1766167686411,1515.83,19278.18,197,21.54
1766167686489,1448.78,19345.17,198,21.54
1766167686519,1475.87,19372.25,198,21.54
1766167686565,1538.48,19434.87,198,21.54
1766167686635,1462.22,19487.13,199,21.54
1766167686663,1490.96,19515.87,199,21.54
1766167686699,1604.19,19629.11,199,21.54
1766167686772,1463.50,19630.54,200,21.54
1766167686810,1536.52,19703.56,200,21.54
1766167686904,1474.96,19775.40,201,21.54
1766167686904,1474.99,19775.43,201,21.54
1766167686967,1582.46,19882.90,201,21.54
1766167687039,1474.77,19920.07,202,23.07
1766167687071,1519.54,19964.85,202,23.07
1766167687098,1610.46,20055.76,202,23.07
1766167687171,1474.94,20064.67,203,23.07
1766167687207,1548.08,20137.81,203,23.07
1766167687308,1475.02,20209.33,204,24.62
1766167687308,1475.05,20209.36,204,24.62
1766167687371,1619.25,20353.56,204,24.62
1766167687447,1481.13,20353.99,205,24.62
1766167687447,1481.16,20354.02,205,24.62
1766167687507,1609.83,20482.69,205,24.62
1766167687582,1482.00,20499.26,206,24.62
1766167687621,1543.84,20561.10,206,24.62
1766167687647,1626.71,20643.97,206,24.62
1766167687718,1489.30,20644.63,207,24.62
1766167687750,1554.01,20709.34,207,24.62
1766167687855,1497.73,20790.79,208,24.62
1766167687855,1497.74,20790.79,208,24.62
1766167687918,1644.60,20937.65,208,24.62
1766167687989,1510.85,20937.79,209,24.62
1766167688021,1552.34,20979.28,209,24.62
1766167688047,1643.59,21070.53,209,24.62
1766167688126,1514.81,21086.03,210,24.62
1766167688162,1564.02,21135.24,210,24.62
1766167688261,1516.61,21234.56,211,24.62
1766167688261,1516.64,21234.59,211,24.62
1766167688309,1611.47,21329.42,211,24.62
1766167688399,1516.81,21383.29,212,25.15
1766167688399,1516.82,21383.29,212,25.15
1766167688459,1664.78,21531.26,212,25.15
1766167688534,1521.00,21531.96,213,25.15
1766167688549,1554.67,21565.63,213,25.15
1766167688598,1666.56,21677.52,213,25.15
1766167688675,1522.10,21681.23,214,25.15
1766167688717,1602.34,21761.47,214,25.15
1766167688818,1522.27,21830.40,215,26.67
1766167688818,1522.30,21830.43,215,26.67
1766167688850,1587.30,21895.43,215,26.67
1766167688964,1527.19,21979.71,216,26.67
1766167688964,1527.19,21979.72,216,26.67
1766167689025,1649.32,22101.85,216,26.67
1766167689105,1527.58,22129.37,217,26.67
1766167689105,1527.58,22129.37,217,26.67
1766167689169,1677.37,22279.17,217,26.67
1766167689248,1538.62,22279.33,218,27.19
1766167689248,1538.62,22279.33,218,27.19
1766167689315,1689.23,22429.94,218,27.19
1766167689392,1548.53,22430.22,219,27.19
1766167689433,1639.69,22521.38,219,27.19
1766167689459,1695.51,22577.21,219,27.19
1766167689535,1553.90,22582.16,220,27.19
1766167689562,1587.60,22615.86,220,27.19
1766167689602,1702.47,22730.73,220,27.19
1766167689681,1554.24,22734.44,221,27.19
1766167689759,1704.89,22885.09,221,27.19
1766167689858,1554.40,22886.84,222,27.19
1766167689858,1554.41,22886.84,222,27.19
1766167689946,1690.34,23022.78,222,27.19
1766167689957,1696.56,23029.00,222,27.19
1766167690048,1554.68,23039.18,223,27.19
1766167690048,1554.68,23039.18,223,27.19
1766167690131,1665.04,23149.54,223,27.19
1766167690229,1554.83,23191.62,224,27.19
1766167690229,1554.83,23191.62,224,27.19
1766167690262,1600.21,23237.00,224,27.19
1766167690299,1681.85,23318.64,224,27.19
1766167690404,1556.84,23344.01,225,27.19
1766167690404,1556.87,23344.04,225,27.19
1766167690463,1630.62,23417.80,225,27.19
1766167690574,1572.21,23497.90,226,27.19
1766167690655,1648.49,23574.18,226,27.19
1766167690660,1721.71,23647.39,226,27.19
1766167690746,1572.40,23651.97,227,27.19
1766167690746,1572.43,23652.00,227,27.19
1766167690803,1690.57,23770.14,227,27.19
1766167690909,1579.49,23807.07,228,27.19
1766167690909,1579.49,23807.07,228,27.19
1766167690983,1732.64,23960.22,228,27.19
1766167691068,1585.25,23962.40,229,27.19
1766167691068,1585.28,23962.43,229,27.19
1766167691143,1739.97,24117.12,229,27.19
1766167691229,1588.43,24117.84,230,28.70
1766167691312,1630.87,24160.27,230,28.70
1766167691317,1732.24,24261.65,230,28.70
1766167691404,1588.64,24273.48,231,28.70
1766167691406,1588.81,24273.66,231,28.70
1766167691481,1713.22,24398.06,231,28.70
1766167691566,1588.93,24429.21,232,28.70
1766167691566,1588.93,24429.21,232,28.70
1766167691621,1698.96,24539.24,232,28.70
1766167691724,1588.98,24584.96,233,28.70
1766167691783,1669.44,24665.42,233,28.70
1766167691801,1744.54,24740.52,233,28.70
1766167691885,1598.47,24740.80,234,28.70
1766167691936,1658.94,24801.28,234,28.70
1766167691959,1751.02,24893.35,234,28.70
1766167692044,1609.47,24897.54,235,28.70
1766167692062,1645.10,24933.17,235,28.70
1766167692112,1732.22,25020.29,235,28.70
1766167692208,1610.54,25055.35,236,28.70
1766167692208,1610.59,25055.39,236,28.70
1766167692285,1767.50,25212.30,236,28.70
1766167692375,1610.59,25213.18,237,28.70
1766167692399,1656.96,25259.55,237,28.70
1766167692453,1767.17,25369.76,237,28.70
1766167692541,1610.69,25371.05,238,28.70
1766167692549,1622.27,25382.63,238,28.70
1766167692602,1715.95,25476.31,238,28.70
1766167692711,1622.36,25528.97,239,28.70
1766167692711,1622.39,25529.00,239,28.70
1766167692747,1687.74,25594.34,239,28.70
1766167692876,1623.55,25688.06,240,28.70
1766167692876,1623.55,25688.07,240,28.70
1766167692955,1781.50,25846.02,240,28.70
1766167693050,1623.53,25847.14,241,28.70
1766167693050,1623.57,25847.17,241,28.70
1766167693108,1742.17,25965.77,241,28.70
1766167693216,1629.14,26006.41,242,28.70
1766167693216,1629.14,26006.41,242,28.70
1766167693287,1745.97,26123.24,242,28.70
1766167693297,1788.26,26165.54,242,28.70
1766167693386,1630.14,26166.12,243,28.70
1766167693408,1686.30,26222.28,243,28.70
1766167693460,1761.98,26297.97,243,28.70
1766167693552,1642.57,26327.26,244,28.70
1766167693552,1642.61,26327.30,244,28.70
1766167693630,1802.34,26487.02,244,28.70
1766167693693,1642.54,26488.25,245,28.70
1766167693761,1661.08,26506.80,245,28.70
1766167693761,1727.22,26572.93,245,28.70
1766167693796,1803.68,26649.40,245,28.70
1766167693885,1654.69,26649.43,246,28.70
1766167693909,1702.44,26697.18,246,28.70
1766167693968,1800.78,26795.52,246,28.70
1766167694062,1655.77,26811.67,247,28.70
1766167694062,1655.80,26811.70,247,28.70
1766167694142,1817.08,26972.99,247,28.70
1766167694148,1817.76,26973.66,247,28.70
1766167694233,1655.86,26974.00,248,28.70
1766167694261,1701.88,27020.02,248,28.70
1766167694314,1788.23,27106.37,248,28.70
1766167694411,1659.20,27136.38,249,28.70
1766167694411,1659.20,27136.39,249,28.70
1766167694476,1790.13,27267.32,249,28.70
1766167694578,1659.44,27299.01,250,28.70
1766167694658,1821.78,27461.35,250,28.70
1766167694757,1659.51,27461.70,251,28.70
1766167694757,1659.51,27461.71,251,28.70
1766167694809,1726.08,27528.27,251,28.70
1766167694951,1788.74,27590.93,251,28.70
1766167694955,1818.51,27620.70,251,28.70
1766167695053,1659.65,27624.40,252,28.70
1766167695053,1659.65,27624.40,252,28.70
1766167695256,1805.00,27769.75,252,28.70
1766167695257,1822.43,27787.18,252,28.70
1766167695357,1668.11,27787.21,253,28.70
1766167695357,1668.11,27787.22,253,28.70
1766167695412,1696.58,27815.68,253,28.70
1766167695508,1740.28,27859.38,253,28.70
1766167695572,1772.29,27891.39,253,28.70
1766167695579,1827.33,27946.43,253,28.70
1766167695672,1669.04,27950.96,254,28.70
1766167695672,1669.05,27950.96,254,28.70
1766167695704,1703.66,27985.58,254,28.70
1766167695874,1830.25,28112.16,254,28.70
1766167696196,1856.48,28278.82,255,28.70
1766167696481,1804.46,28380.15,256,30.34
1766167696506,1894.61,28470.30,256,30.34
1766167696508,1919.56,28495.26,256,30.34
1766167696574,1710.47,28496.31,257,30.34
1766167696649,1743.43,28529.27,257,30.34
1766167696820,1878.42,28664.26,257,30.34
1766167697094,1771.16,28715.62,258,30.34
1766167697226,1726.83,28840.62,259,30.85
1766167697280,1747.38,28861.17,259,30.85
1766167697409,1850.71,28964.50,259,30.85
1766167697409,1855.96,28969.76,259,30.85
1766167697451,1896.09,29009.89,259,30.85
1766167697750,1881.81,29158.78,260,30.85
1766167697774,1929.83,29206.80,260,30.85
1766167697869,1750.30,29211.58,261,31.94
1766167697871,1750.30,29211.58,261,31.94
1766167697909,1768.36,29229.64,261,31.94
1766167697998,1815.45,29276.73,261,31.94
1766167698032,1841.26,29302.55,261,31.94
1766167698125,1903.46,29364.75,261,31.94
1766167698412,1757.60,29383.80,262,31.94
1766167698458,1929.44,29555.65,262,31.94
1766167698726,1825.25,29623.20,263,31.94
1766167698769,1895.36,29693.31,263,31.94
1766167698771,1929.57,29727.52,263,31.94
1766167698864,1758.74,29728.56,264,31.94
1766167698864,1758.74,29728.56,264,31.94
1766167698923,1767.85,29737.66,264,31.94
1766167698969,1802.24,29772.06,264,31.94
1766167699080,1855.35,29825.17,264,31.94
1766167699124,1930.98,29900.80,264,31.94
1766167699225,1758.46,29901.01,265,31.94
1766167699334,1760.85,29903.41,265,31.94
1766167699454,1826.29,29968.85,265,31.94
1766167699458,1929.09,30071.65,265,31.94
1766167699550,1758.69,30073.71,266,31.94
1766167699550,1758.69,30073.71,266,31.94
1766167699638,1809.09,30124.11,266,31.94
1766167699692,1844.85,30159.87,266,31.94
1766167699743,1875.33,30190.35,266,31.94
1766167699760,1913.22,30228.24,266,31.94
1766167699872,1758.41,30246.11,267,31.94
1766167700025,1849.61,30337.30,267,31.94
1766167700027,1856.28,30343.97,267,31.94
1766167700093,1931.25,30418.94,267,31.94
1766167700200,1789.25,30449.36,268,33.48
1766167700390,1879.16,30539.27,268,33.48
1766167700412,1911.03,30571.13,268,33.48
1766167700415,1930.85,30590.96,268,33.48
1766167700481,1762.67,30591.52,269,33.48
1766167700751,1935.55,30764.40,269,33.48
1766167700901,1776.76,30778.15,270,34.05
1766167700949,1805.10,30806.49,270,34.05
1766167700996,1833.42,30834.81,270,34.05
1766167701076,1936.02,30937.41,270,34.05
1766167701140,1775.06,30939.46,271,34.05
1766167701222,1777.46,30941.85,271,34.05
1766167701274,1806.65,30971.05,271,34.05
1766167701309,1835.59,30999.99,271,34.05
1766167701391,1866.02,31030.42,271,34.05
1766167701416,1942.49,31106.89,271,34.05
1766167701422,1947.80,31112.20,271,34.05
1766167701524,1774.52,31113.79,272,34.05
1766167701524,1774.52,31113.79,272,34.05
1766167701560,1801.15,31140.42,272,34.05
1766167701632,1830.05,31169.32,272,34.05
1766167701728,1947.54,31286.81,272,34.05
1766167701798,1774.58,31287.68,273,34.05
1766167702062,1948.68,31461.78,273,34.05
1766167702155,1774.88,31461.88,274,34.05
1766167702155,1774.88,31461.88,274,34.05
1766167702212,1795.40,31482.40,274,34.05
1766167702278,1833.58,31520.58,274,34.05
1766167702335,1867.99,31554.99,274,34.05
1766167702408,1938.95,31625.95,274,34.05
1766167702519,1774.68,31635.84,275,34.05
1766167702519,1774.68,31635.85,275,34.05
1766167702548,1788.93,31650.10,275,34.05
1766167702681,1861.75,31722.91,275,34.05
1766167702746,1913.16,31774.33,275,34.05
1766167702748,1948.92,31810.09,275,34.05
1766167702839,1787.82,31810.12,276,34.05
1766167703066,1961.39,31983.69,276,34.05
1766167703399,1872.10,32068.68,277,35.59
1766167703436,1963.23,32159.80,277,35.59
1766167703509,1812.54,32168.66,278,35.59
1766167703579,1814.28,32170.40,278,35.59
1766167703584,1854.38,32210.51,278,35.59
1766167703770,2008.21,32364.33,278,35.59
1766167703860,1828.25,32364.34,279,36.10
1766167704272,1866.02,32597.78,280,36.10
1766167704483,2075.12,32806.88,280,36.10
1766167704519,2075.12,32806.88,280,36.10
1766167704651,1843.06,32806.91,281,36.10
1766167704651,1843.06,32806.91,281,36.10
1766167704732,1893.26,32857.11,281,36.10
1766167704911,1998.39,32962.24,281,36.10
1766167704922,2018.70,32982.55,281,36.10
1766167705227,1968.06,33140.85,282,36.10
1766167705227,1968.06,33140.85,282,36.10
1766167705279,1985.05,33157.85,282,36.10
1766167705517,1932.33,33286.18,283,36.55
1766167705518,1936.64,33290.49,283,36.55
1766167705563,1967.67,33321.52,283,36.55
1766167705614,2023.00,33376.85,283,36.55
1766167705662,2048.12,33401.97,283,36.55
1766167705764,1874.14,33434.13,284,36.55
1766167706213,1919.75,33717.55,285,36.55
1766167706222,1992.00,33789.81,285,36.55
1766167706345,2067.27,33865.08,285,36.55
1766167706351,2068.02,33865.82,285,36.55
1766167706499,1851.99,33910.37,286,36.55
1766167706499,1852.00,33910.37,286,36.55
1766167706548,1876.90,33935.27,286,36.55
1766167706663,1924.40,33982.77,286,36.55
1766167706731,1965.97,34024.35,286,36.55
1766167706735,2033.56,34091.93,286,36.55
1766167706809,1849.25,34091.94,287,36.55
1766167706818,1853.82,34096.51,287,36.55
1766167706881,1884.31,34127.00,287,36.55
1766167707068,2024.47,34267.17,287,36.55
1766167707184,1853.30,34277.59,288,38.09
1766167707365,1868.99,34293.28,288,38.09
1766167707424,2006.37,34430.65,288,38.09
1766167707431,2064.78,34489.06,288,38.09
1766167707538,1883.34,34489.09,289,39.63
1766167707609,1942.59,34548.33,289,39.63
1766167707659,1995.60,34601.34,289,39.63
1766167707710,2034.50,34640.25,289,39.63
1766167707789,2110.07,34715.81,289,39.63
1766167707799,2121.77,34727.51,289,39.63
1766167707868,1908.36,34729.77,290,39.63
1766167708129,2095.85,34917.26,290,39.63
1766167708154,2118.73,34940.14,290,39.63
1766167708349,1951.97,35013.32,291,40.65
1766167708400,1992.22,35053.58,291,40.65
1766167708472,2051.68,35113.03,291,40.65
1766167708504,2077.62,35138.97,291,40.65
1766167708638,1899.52,35171.26,292,40.98
1766167708638,1899.52,35171.26,292,40.98
1766167708663,1908.74,35180.48,292,40.98
1766167708711,1961.40,35233.14,292,40.98
1766167708877,2025.23,35296.97,292,40.98
1766167708879,2084.17,35355.91,292,40.98
1766167708897,2104.49,35376.23,292,40.98
1766167709001,1874.34,35376.25,293,40.98
1766167709001,1874.34,35376.25,293,40.98
1766167709064,1936.98,35438.89,293,40.98
1766167709118,1986.43,35488.34,293,40.98
1766167709169,2030.46,35532.38,293,40.98
1766167709209,2061.03,35562.95,293,40.98
1766167709253,2098.76,35600.68,293,40.98
1766167709469,2020.64,35714.37,294,41.49
1766167709495,2071.87,35765.60,294,41.49
1766167709606,2095.28,35789.01,294,41.49
1766167709964,2108.93,36016.25,295,41.49
1766167710091,1943.63,36064.04,296,41.49
1766167710112,1951.43,36071.84,296,41.49
1766167710156,1990.08,36110.48,296,41.49
1766167710258,2035.08,36155.48,296,41.49
1766167710262,2056.15,36176.56,296,41.49
1766167710337,2122.54,36242.94,296,41.49
1766167710411,1901.10,36254.42,297,41.49
1766167710645,2071.25,36424.57,297,41.49
1766167710652,2071.46,36424.79,297,41.49
1766167710699,2117.15,36470.47,297,41.49
1766167710802,1936.72,36470.78,298,41.49
1766167710802,1936.72,36470.79,298,41.49
1766167710922,1994.75,36528.81,298,41.49
1766167710924,2017.91,36551.97,298,41.49
1766167711005,2081.33,36615.40,298,41.49
1766167711077,2203.34,36737.41,298,41.49
1766167711185,1987.20,36737.43,299,41.49
1766167711229,2013.38,36763.62,299,41.49
1766167711276,2043.78,36794.02,299,41.49
1766167711315,2085.42,36835.66,299,41.49
1766167711360,2109.01,36859.24,299,41.49
1766167711421,2155.07,36905.30,299,41.49
1766167711464,2184.46,36934.69,299,41.49
1766167711588,1939.85,36953.01,300,41.49
1766167711779,2075.09,37088.24,300,41.49
1766167711825,2116.53,37129.68,300,41.49
1766167711872,2162.28,37175.43,300,41.49
1766167712002,1955.31,37181.10,301,41.49
1766167712002,1955.32,37181.10,301,41.49
1766167712055,1997.91,37223.70,301,41.49
1766167712118,2043.58,37269.37,301,41.49
1766167712256,2147.00,37372.78,301,41.49
1766167712359,1919.80,37372.99,302,41.49
1766167712638,2101.28,37554.47,302,41.49
1766167712689,2232.66,37685.84,302,41.49
1766167712801,2040.77,37685.87,303,41.49
1766167712801,2040.78,37685.87,303,41.49
1766167712891,2077.37,37722.46,303,41.49
1766167712900,2100.54,37745.63,303,41.49
1766167713082,2236.88,37881.97,303,41.49
1766167713221,1936.77,37893.86,304,41.49
1766167713371,2072.67,38029.76,304,41.49
1766167713457,2128.10,38085.19,304,41.49
1766167713497,2162.31,38119.40,304,41.49
1766167713613,1968.16,38121.96,305,42.00
1766167713613,1968.16,38121.96,305,42.00
1766167713662,1986.58,38140.37,305,42.00
1766167713722,2001.92,38155.71,305,42.00
1766167713855,2074.84,38228.63,305,42.00
1766167713855,2097.01,38250.80,305,42.00
1766167713921,2159.84,38313.64,305,42.00
1766167714038,1926.77,38315.00,306,42.00
1766167714212,2049.48,38437.70,306,42.00
1766167714310,2081.78,38470.01,306,42.00
1766167714311,2125.91,38514.14,306,42.00
1766167714356,2160.16,38548.39,306,42.00
1766167714479,1970.55,38551.83,307,43.52
1766167714480,1970.55,38551.84,307,43.52
1766167714709,2154.75,38736.03,307,43.52
1766167714722,2171.66,38752.95,307,43.52
1766167714753,2181.14,38762.42,307,43.52
1766167714802,2211.35,38792.63,307,43.52
1766167715135,2141.82,38958.89,308,43.52
1766167715152,2167.79,38984.86,308,43.52
1766167715398,2054.85,39120.33,309,45.53
1766167715511,2132.06,39197.54,309,45.53
1766167715513,2137.36,39202.83,309,45.53
1766167715555,2166.00,39231.47,309,45.53
1766167715613,2180.89,39246.36,309,45.53
1766167715661,2202.43,39267.90,309,45.53
1766167715794,1954.98,39279.66,310,47.05
1766167715794,1954.98,39279.66,310,47.05
1766167715819,1963.74,39288.43,310,47.05
1766167715878,1981.92,39306.60,310,47.05
1766167715908,2017.60,39342.28,310,47.05
1766167716031,2087.91,39412.60,310,47.05
1766167716119,2181.00,39505.68,310,47.05
1766167716249,1964.38,39505.71,311,47.05
1766167716249,1964.39,39505.71,311,47.05
1766167716305,1985.18,39526.51,311,47.05
1766167716418,2022.32,39563.65,311,47.05
1766167716432,2080.04,39621.37,311,47.05
1766167716484,2102.07,39643.40,311,47.05
1766167716522,2144.47,39685.80,311,47.05
1766167716556,2160.57,39701.90,311,47.05
1766167716601,2189.61,39730.94,311,47.05
1766167716735,1968.67,39730.96,312,47.05
1766167716735,1968.68,39730.97,312,47.05
1766167716753,1976.38,39738.67,312,47.05
1766167716836,2001.00,39763.29,312,47.05
1766167716875,2023.45,39785.74,312,47.05
1766167716929,2070.37,39832.66,312,47.05
1766167716954,2105.48,39867.77,312,47.05
1766167717008,2128.46,39890.75,312,47.05
1766167717065,2177.51,39939.80,312,47.05
1766167717214,1993.04,39980.58,313,47.05
1766167717214,1993.04,39980.58,313,47.05
1766167717283,2016.21,40003.75,313,47.05
1766167717303,2038.09,40025.64,313,47.05
1766167717471,2128.48,40116.02,313,47.05
1766167717537,2155.55,40143.09,313,47.05
1766167717554,2193.49,40181.03,313,47.05
1766167717557,2216.32,40203.86,313,47.05
1766167717677,1971.27,40207.87,314,48.09
1766167717677,1971.27,40207.87,314,48.09
1766167717746,2006.84,40243.44,314,48.09
1766167717794,2010.86,40247.46,314,48.09
1766167717904,2110.04,40346.64,314,48.09
1766167717909,2140.02,40376.62,314,48.09
1766167717952,2164.21,40400.81,314,48.09
1766167718009,2196.12,40432.71,314,48.09
1766167718149,1968.85,40432.74,315,48.09
1766167718149,1968.86,40432.74,315,48.09
1766167718258,2021.22,40485.11,315,48.09
1766167718344,2042.31,40506.19,315,48.09
1766167718397,2076.78,40540.67,315,48.09
1766167718399,2098.98,40562.86,315,48.09
1766167718467,2139.55,40603.43,315,48.09
1766167718499,2172.52,40636.40,315,48.09
1766167718631,1947.67,40636.43,316,48.09
1766167718631,1947.67,40636.43,316,48.09
1766167718678,1965.79,40654.54,316,48.09
1766167718730,2008.85,40697.60,316,48.09
1766167718820,2059.78,40748.54,316,48.09
1766167718979,2155.00,40843.75,316,48.09
1766167719103,1963.27,40851.12,317,48.64
1766167719104,1963.27,40851.13,317,48.64
1766167719177,1990.57,40878.43,317,48.64
1766167719205,2015.60,40903.45,317,48.64
1766167719330,2100.28,40988.13,317,48.64
1766167719370,2124.76,41012.61,317,48.64
1766167719402,2154.04,41041.90,317,48.64
1766167719457,2191.24,41079.10,317,48.64
1766167719583,1981.04,41079.12,318,48.64
1766167719651,2054.75,41152.83,318,48.64
1766167719691,2106.32,41204.40,318,48.64
1766167719711,2106.32,41204.40,318,48.64
1766167719755,2145.64,41243.72,318,48.64
1766167719809,2175.47,41273.55,318,48.64
1766167719853,2199.81,41297.89,318,48.64
1766167719957,2254.68,41352.76,318,48.64
1766167719999,2265.10,41363.18,318,48.64
1766167720141,2040.58,41363.21,319,48.64
1766167720160,2044.92,41367.54,319,48.64
1766167720239,2079.77,41402.39,319,48.64
1766167720411,2157.25,41479.87,319,48.64
1766167720419,2211.37,41533.99,319,48.64
1766167720542,2245.99,41568.62,319,48.64
1766167720550,2245.99,41568.62,319,48.64
1766167720701,1962.80,41568.64,320,48.64
1766167720701,1962.80,41568.64,320,48.64
1766167720754,1985.55,41591.39,320,48.64
1766167720855,2038.40,41644.24,320,48.64
1766167720901,2068.80,41674.64,320,48.64
1766167720908,2077.51,41683.35,320,48.64
1766167720957,2123.95,41729.79,320,48.64
1766167721004,2153.66,41759.50,320,48.64
1766167721051,2172.46,41778.30,320,48.64
1766167721109,2209.46,41815.30,320,48.64
1766167721259,2044.21,41854.69,321,48.64
1766167721259,2044.21,41854.69,321,48.64
1766167721346,2081.58,41892.06,321,48.64
1766167721349,2101.18,41911.67,321,48.64
1766167721442,2161.61,41972.09,321,48.64
1766167721516,2184.71,41995.20,321,48.64
1766167721576,2238.32,42048.80,321,48.64
1766167721578,2270.59,42081.08,321,48.64
1766167721662,2306.89,42117.38,321,48.64
1766167721785,2031.11,42125.11,322,48.64
1766167721959,2192.25,42286.24,322,48.64
1766167721973,2207.32,42301.31,322,48.64
1766167722013,2228.28,42322.27,322,48.64
1766167722055,2250.15,42344.14,322,48.64
1766167722107,2250.15,42344.14,322,48.64
1766167722158,2250.15,42344.14,322,48.64
1766167722198,2250.15,42344.14,322,48.64
1766167722319,1979.74,42344.16,323,48.64
1766167722463,2112.30,42476.72,323,48.64
1766167722487,2130.16,42494.59,323,48.64
1766167722616,2168.50,42532.92,323,48.64
1766167722652,2190.77,42555.19,323,48.64
1766167722703,2208.31,42572.73,323,48.64
1766167722850,2022.31,42604.27,324,48.64
1766167722850,2022.31,42604.27,324,48.64
1766167722953,2056.45,42638.41,324,48.64
1766167722959,2080.50,42662.46,324,48.64
1766167723166,2182.96,42764.92,324,48.64
1766167723239,2201.83,42783.79,324,48.64
1766167723272,2219.34,42801.30,324,48.64
1766167723415,1973.87,42815.54,325,48.64
1766167723416,1973.88,42815.54,325,48.64
1766167723478,2003.22,42844.89,325,48.64
1766167723516,2018.51,42860.18,325,48.64
1766167723628,2045.70,42887.37,325,48.64
1766167723631,2084.15,42925.81,325,48.64
1766167723660,2114.80,42956.47,325,48.64
1766167723723,2152.52,42994.19,325,48.64
1766167723773,2171.05,43012.72,325,48.64
1766167723798,2185.65,43027.32,325,48.64
1766167723849,2213.62,43055.29,325,48.64
1766167723962,2013.16,43058.65,326,48.64
1766167723963,2013.19,43058.69,326,48.64
1766167724125,2151.73,43197.22,326,48.64
1766167724173,2175.65,43221.14,326,48.64
1766167724208,2192.39,43237.89,326,48.64
1766167724317,2253.19,43298.69,326,48.64
1766167724362,2279.54,43325.04,326,48.64
1766167724518,2042.29,43330.59,327,49.64
1766167724518,2042.29,43330.59,327,49.64
1766167724574,2060.00,43348.30,327,49.64
1766167724672,2121.96,43410.26,327,49.64
1766167724722,2160.62,43448.92,327,49.64
1766167724759,2185.30,43473.60,327,49.64
1766167724814,2225.25,43513.55,327,49.64
1766167724866,2251.32,43539.62,327,49.64
1766167724898,2251.32,43539.62,327,49.64
1766167725048,1979.11,43539.65,328,49.64
1766167725049,1979.11,43539.65,328,49.64
1766167725198,2084.64,43645.18,328,49.64
1766167725199,2085.34,43645.88,328,49.64
1766167725285,2144.57,43705.11,328,49.64
1766167725337,2168.49,43729.04,328,49.64
1766167725367,2188.80,43749.34,328,49.64
1766167725512,1979.76,43749.36,329,49.64
1766167725512,1979.76,43749.36,329,49.64
1766167725549,1997.40,43767.00,329,49.64
1766167725646,2035.57,43805.17,329,49.64
1766167725648,2050.74,43820.34,329,49.64
1766167725756,2125.15,43894.76,329,49.64
1766167725816,2166.45,43936.05,329,49.64
1766167725879,2206.94,43976.54,329,49.64
1766167725907,2218.65,43988.25,329,49.64
1766167725947,2218.65,43988.25,329,49.64
1766167726049,2008.96,43988.27,330,49.64
1766167726049,2008.96,43988.27,330,49.64
1766167726144,2036.54,44015.85,330,49.64
1766167726229,2153.48,44132.79,330,49.64
1766167726287,2160.66,44139.97,330,49.64
1766167726299,2197.50,44176.82,330,49.64
1766167726389,2208.69,44188.00,330,49.64
1766167726399,2208.69,44188.00,330,49.64
1766167726453,2208.69,44188.00,330,49.64
1766167726581,1969.79,44188.02,331,49.64
1766167726581,1969.80,44188.03,331,49.64
1766167726634,1982.99,44201.22,331,49.64
1766167726659,2001.18,44219.41,331,49.64
1766167726768,2051.87,44270.10,331,49.64
1766167726769,2071.38,44289.60,331,49.64
1766167726829,2115.55,44333.78,331,49.64
1766167726863,2133.89,44352.12,331,49.64
1766167726912,2166.80,44385.03,331,49.64
1766167726956,2190.17,44408.40,331,49.64
1766167727005,2209.10,44427.33,331,49.64
1766167727082,2021.02,44439.00,332,49.64
1766167727159,2085.95,44503.93,332,49.64
1766167727180,2110.98,44528.96,332,49.64
1766167727234,2136.26,44554.23,332,49.64
1766167727259,2155.95,44573.92,332,49.64
1766167727349,2220.44,44638.42,332,49.64
1766167727707,2037.04,44706.00,333,49.64
1766167727742,2088.01,44756.98,333,49.64
1766167727787,2138.86,44807.82,333,49.64
1766167727819,2158.80,44827.77,333,49.64
1766167727865,2196.37,44865.34,333,49.64
1766167727908,2228.02,44896.99,333,49.64
1766167727955,2251.70,44920.66,333,49.64
1766167728022,2269.28,44938.25,333,49.64
1766167728167,2015.04,44950.66,334,49.64
1766167728167,2015.04,44950.66,334,49.64
1766167728311,2134.01,45069.63,334,49.64
1766167728378,2205.23,45140.85,334,49.64
1766167728439,2219.80,45155.42,334,49.64
1766167728457,2227.26,45162.88,334,49.64
1766167728612,1982.29,45162.91,335,49.64
1766167728614,1982.29,45162.91,335,49.64
1766167728746,2079.66,45260.27,335,49.64
1766167728862,2172.34,45352.95,335,49.64
1766167728935,2209.51,45390.12,335,49.64
1766167728950,2227.95,45408.56,335,49.64
1766167729066,2022.78,45415.64,336,49.64
1766167729174,2022.85,45415.71,336,49.64
1766167729189,2149.82,45542.68,336,49.64
1766167729242,2198.09,45590.94,336,49.64
1766167729258,2198.09,45590.95,336,49.64
1766167729312,2207.54,45600.40,336,49.64
1766167729354,2232.35,45625.20,336,49.64
1766167729412,2266.39,45659.25,336,49.64
1766167729474,2301.20,45694.06,336,49.64
1766167729618,2071.19,45716.46,337,49.64
1766167729619,2071.19,45716.47,337,49.64
1766167729655,2095.47,45740.75,337,49.64
1766167729742,2133.34,45778.62,337,49.64
1766167729859,2238.60,45883.88,337,49.64
1766167729901,2275.49,45920.77,337,49.64
1766167729969,2314.90,45960.18,337,49.64
1766167729997,2348.82,45994.10,337,49.64
1766167730152,2047.71,45994.12,338,49.64
1766167730152,2047.71,45994.13,338,49.64
1766167730488,2101.38,46047.79,338,49.64
1766167730491,2299.44,46245.86,338,49.64
1766167730497,2299.44,46245.86,338,49.64
1766167730645,2059.00,46283.08,339,49.64
1766167730655,2059.01,46283.08,339,49.64
1766167730658,2069.25,46293.32,339,49.64
1766167730778,2210.28,46434.36,339,49.64
1766167730804,2220.11,46444.18,339,49.64
1766167730854,2235.08,46459.15,339,49.64
1766167730941,2263.39,46487.46,339,49.64
1766167730948,2269.68,46493.76,339,49.64
1766167731003,2284.14,46508.21,339,49.64
1766167731148,2046.35,46522.19,340,49.64
1766167731149,2046.35,46522.19,340,49.64
1766167731223,2071.06,46546.90,340,49.64
1766167731260,2099.07,46574.91,340,49.64
1766167731334,2136.78,46612.62,340,49.64
1766167731357,2175.93,46651.77,340,49.64
1766167731465,2289.69,46765.53,340,49.64
1766167731501,2289.69,46765.53,340,49.64
1766167731666,2013.41,46765.55,341,49.64
1766167731666,2013.41,46765.55,341,49.64
1766167731727,2033.84,46785.98,341,49.64
1766167731788,2081.89,46834.03,341,49.64
1766167731815,2086.89,46839.03,341,49.64
1766167731972,2173.91,46926.05,341,49.64
1766167731978,2219.49,46971.63,341,49.64
1766167732118,1984.14,46979.64,342,49.64
1766167732121,1985.88,46981.38,342,49.64
1766167732228,2121.96,47117.46,342,49.64
1766167732250,2130.17,47125.67,342,49.64
1766167732398,2229.08,47224.58,342,49.64
1766167732429,2246.98,47242.48,342,49.64
1766167732453,2252.80,47248.30,342,49.64
1766167732543,2275.72,47271.22,342,49.64
1766167732548,2278.38,47273.88,342,49.64
1766167732708,2093.41,47302.93,343,50.17
1766167732709,2093.41,47302.93,343,50.17
1766167732914,2293.98,47503.51,343,50.17
1766167732925,2302.03,47511.55,343,50.17
1766167732948,2318.87,47528.40,343,50.17
1766167733004,2318.87,47528.40,343,50.17
1766167733065,2318.87,47528.40,343,50.17
1766167733098,2318.87,47528.40,343,50.17
1766167733248,1995.54,47528.42,344,50.17
1766167733248,1995.54,47528.42,344,50.17
1766167733338,2023.54,47556.42,344,50.17
1766167733385,2053.70,47586.59,344,50.17
1766167733485,2155.94,47688.83,344,50.17
1766167733505,2182.24,47715.12,344,50.17
1766167733559,2216.06,47748.94,344,50.17
1766167733615,2238.67,47771.55,344,50.17
1766167733655,2258.43,47791.31,344,50.17
1766167733824,2049.89,47808.26,345,50.75
1766167733825,2049.89,47808.27,345,50.75
1766167733885,2070.62,47828.99,345,50.75
1766167733925,2139.03,47897.40,345,50.75
1766167734010,2206.09,47964.46,345,50.75
1766167734101,2261.61,48019.98,345,50.75
1766167734198,2266.42,48024.79,345,50.75
1766167734250,2266.42,48024.79,345,50.75
1766167734447,1986.60,48024.81,346,50.75
1766167734447,1986.60,48024.82,346,50.75
1766167734652,2104.72,48142.94,346,50.75
1766167734654,2128.88,48167.10,346,50.75
1766167734740,2167.22,48205.44,346,50.75
1766167734751,2174.38,48212.59,346,50.75
1766167734828,2226.46,48264.67,346,50.75
1766167734852,2247.98,48286.20,346,50.75
1766167734898,2289.53,48327.75,346,50.75
1766167735042,2082.21,48336.97,347,50.75
1766167735042,2082.55,48337.31,347,50.75
1766167735129,2186.77,48441.54,347,50.75
1766167735284,2295.43,48550.19,347,50.75
1766167735317,2328.71,48583.47,347,50.75
1766167735359,2330.89,48585.65,347,50.75
1766167735526,2018.75,48585.68,348,52.39
1766167735526,2018.75,48585.68,348,52.39
1766167735617,2145.64,48712.57,348,52.39
1766167735668,2182.94,48749.87,348,52.39
1766167735767,2234.31,48801.24,348,52.39
1766167735843,2267.91,48834.83,348,52.39
1766167735974,2020.35,48835.98,349,53.91
1766167735974,2020.35,48835.98,349,53.91
1766167736099,2098.99,48914.62,349,53.91
1766167736102,2112.11,48927.74,349,53.91
1766167736171,2168.72,48984.35,349,53.91
1766167736196,2192.89,49008.52,349,53.91
1766167736254,2230.29,49045.92,349,53.91
1766167736313,2239.10,49054.73,349,53.91
1766167736445,1988.82,49054.75,350,53.91
1766167736456,1991.71,49057.63,350,53.91
1766167736547,2024.60,49090.52,350,53.91
1766167736547,2039.24,49105.17,350,53.91
1766167736731,2168.39,49234.31,350,53.91
1766167736762,2194.61,49260.53,350,53.91
1766167736821,2194.61,49260.53,350,53.91
1766167736847,2194.61,49260.53,350,53.91
1766167736981,1975.86,49260.56,351,53.91
1766167736982,1975.86,49260.56,351,53.91
1766167737056,2113.97,49398.66,351,53.91
1766167737161,2141.15,49425.84,351,53.91
1766167737226,2180.07,49464.76,351,53.91
1766167737252,2180.07,49464.76,351,53.91
1766167737313,2180.07,49464.76,351,53.91
1766167737352,2180.07,49464.77,351,53.91
1766167737397,2180.07,49464.77,351,53.91
1766167737518,1974.28,49464.79,352,53.91
1766167737518,1974.28,49464.79,352,53.91
1766167737698,2099.78,49590.29,352,53.91
1766167737699,2152.01,49642.52,352,53.91
1766167737767,2177.72,49668.23,352,53.91
1766167737855,2187.32,49677.83,352,53.91
1766167737898,2187.32,49677.83,352,53.91
1766167738044,1983.11,49677.85,353,53.91
1766167738104,1999.97,49694.71,353,53.91
1766167738108,2062.60,49757.34,353,53.91
1766167738158,2102.90,49797.64,353,53.91
1766167738213,2142.48,49837.22,353,53.91
1766167738254,2168.08,49862.82,353,53.91
1766167738338,2190.56,49885.30,353,53.91
1766167738358,2195.79,49890.53,353,53.91
1766167738404,2213.14,49907.88,353,53.91
1766167738471,2233.60,49928.33,353,53.91
1766167738588,2031.94,49939.74,354,54.45
1766167738729,2158.33,50066.13,354,54.45
1766167738787,2175.64,50083.44,354,54.45
1766167738801,2178.26,50086.06,354,54.45
1766167738908,2242.91,50150.71,354,54.45
1766167738912,2243.53,50151.33,354,54.45
1766167738950,2271.56,50179.36,354,54.45
1766167738999,2324.66,50232.45,354,54.45
1766167739142,2084.56,50254.25,355,55.50
1766167739142,2084.56,50254.25,355,55.50
1766167739156,2088.65,50258.35,355,55.50
1766167739219,2129.80,50299.49,355,55.50
1766167739258,2158.06,50327.75,355,55.50
1766167739439,2191.70,50361.39,355,55.50
1766167739441,2292.17,50461.86,355,55.50
1766167739447,2292.17,50461.86,355,55.50
1766167739589,1977.69,50461.88,356,55.50
1766167739589,1977.69,50461.89,356,55.50
1766167739611,1985.81,50470.01,356,55.50
1766167739684,2080.41,50564.61,356,55.50
1766167739834,2144.47,50628.67,356,55.50
1766167739865,2174.22,50658.41,356,55.50
1766167739923,2208.03,50692.23,356,55.50
1766167739953,2234.82,50719.02,356,55.50
1766167740122,2042.26,50734.09,357,55.50
1766167740122,2042.26,50734.09,357,55.50
1766167740165,2056.20,50748.04,357,55.50
1766167740252,2092.56,50784.39,357,55.50
1766167740292,2111.62,50803.45,357,55.50
1766167740399,2167.05,50858.88,357,55.50
1766167740402,2202.69,50894.52,357,55.50
1766167740496,2266.06,50957.89,357,55.50
1766167740499,2266.06,50957.89,357,55.50
1766167740547,2266.06,50957.89,357,55.50
1766167740683,1993.88,50957.91,358,55.50
1766167740683,1993.88,50957.92,358,55.50
1766167740942,2215.03,51179.06,358,55.50
1766167740968,2227.54,51191.57,358,55.50
1766167741011,2227.54,51191.57,358,55.50
1766167741055,2227.54,51191.57,358,55.50
1766167741099,2227.54,51191.57,358,55.50
1766167741225,2003.73,51191.59,359,55.50
1766167741226,2003.73,51191.60,359,55.50
1766167741276,2104.30,51292.16,359,55.50
1766167741325,2122.47,51310.33,359,55.50
1766167741365,2155.60,51343.46,359,55.50
1766167741401,2187.16,51375.02,359,55.50
1766167741523,2269.82,51457.69,359,55.50
1766167741557,2275.58,51463.45,359,55.50
1766167741611,2275.58,51463.45,359,55.50
1766167741768,2042.25,51463.80,360,55.50
1766167741768,2042.29,51463.83,360,55.50
1766167741831,2160.22,51581.76,360,55.50
1766167741858,2192.08,51613.63,360,55.50
1766167741913,2232.24,51653.78,360,55.50
1766167741952,2254.39,51675.93,360,55.50
1766167742022,2275.58,51697.13,360,55.50
1766167742053,2287.57,51709.12,360,55.50
1766167742148,2323.67,51745.21,360,55.50
1766167742149,2323.77,51745.32,360,55.50
1766167742304,2054.47,51747.89,361,56.04
1766167742304,2054.47,51747.89,361,56.04
1766167742382,2087.62,51781.04,361,56.04
1766167742427,2111.53,51804.95,361,56.04
1766167742493,2143.69,51837.11,361,56.04
1766167742568,2207.45,51900.87,361,56.04
1766167742622,2251.88,51945.30,361,56.04
1766167742682,2271.24,51964.66,361,56.04
1766167742705,2307.44,52000.86,361,56.04
1766167742747,2327.75,52021.17,361,56.04
1766167742915,2043.35,52021.19,362,56.04
1766167742915,2043.36,52021.19,362,56.04
1766167742969,2062.87,52040.71,362,56.04
1766167743052,2095.43,52073.26,362,56.04
1766167743059,2135.33,52113.17,362,56.04
1766167743195,2230.14,52207.98,362,56.04
1766167743217,2239.57,52217.40,362,56.04
1766167743261,2269.89,52247.72,362,56.04
1766167743315,2315.86,52293.69,362,56.04
1766167743347,2315.86,52293.69,362,56.04
1766167743513,2042.58,52293.71,363,56.04
1766167743513,2042.58,52293.72,363,56.04
1766167743558,2064.66,52315.79,363,56.04
1766167743602,2099.43,52350.57,363,56.04
1766167743689,2176.36,52427.50,363,56.04
1766167743698,2177.96,52429.09,363,56.04
1766167743802,2235.66,52486.80,363,56.04
1766167743805,2247.87,52499.00,363,56.04
1766167743862,2263.01,52514.15,363,56.04
1766167743897,2291.83,52542.97,363,56.04
1766167744045,2019.33,52542.99,364,56.04
1766167744045,2019.33,52542.99,364,56.04
1766167744048,2020.98,52544.64,364,56.04
1766167744141,2054.07,52577.73,364,56.04
1766167744188,2075.83,52599.49,364,56.04
1766167744239,2123.37,52647.03,364,56.04
1766167744392,2242.60,52766.26,364,56.04
1766167744419,2253.90,52777.56,364,56.04
1766167744448,2284.97,52808.63,364,56.04
1766167744608,2035.72,52808.65,365,56.04
1766167744608,2035.72,52808.65,365,56.04
1766167744666,2073.74,52846.67,365,56.04
1766167744701,2096.72,52869.66,365,56.04
1766167744782,2154.67,52927.60,365,56.04
1766167744810,2183.36,52956.29,365,56.04
1766167744882,2228.62,53001.55,365,56.04
1766167744924,2250.31,53023.24,365,56.04
1766167744960,2253.02,53025.95,365,56.04
1766167745002,2271.21,53044.15,365,56.04
1766167745185,2033.38,53071.97,366,56.04
1766167745313,2033.69,53072.28,366,56.04
1766167745315,2140.30,53178.90,366,56.04
1766167745348,2165.59,53204.19,366,56.04
1766167745403,2196.16,53234.75,366,56.04
1766167745509,2256.36,53294.95,366,56.04
1766167745552,2259.55,53298.14,366,56.04
1766167745599,2259.55,53298.14,366,56.04
1766167745751,1996.24,53298.16,367,56.36
1766167745751,1996.24,53298.16,367,56.36
1766167745822,2023.36,53325.28,367,56.36
1766167745945,2095.86,53397.78,367,56.36
1766167745946,2145.90,53447.83,367,56.36
1766167745947,2145.90,53447.83,367,56.36
1766167746082,2212.21,53514.13,367,56.36
1766167746098,2212.99,53514.92,367,56.36
1766167746222,1987.17,53515.28,368,56.36
1766167746297,2118.53,53646.64,368,56.36
1766167746298,2118.53,53646.64,368,56.36
1766167746404,2214.96,53743.07,368,56.36
1766167746409,2225.61,53753.72,368,56.36
1766167746455,2231.11,53759.22,368,56.36
1766167746504,2231.12,53759.22,368,56.36
1766167746556,2231.12,53759.22,368,56.36
1766167746598,2231.12,53759.22,368,56.36
1766167746711,2014.35,53759.24,369,56.36
1766167746711,2014.36,53759.25,369,56.36
1766167746752,2036.09,53780.98,369,56.36
1766167746819,2069.57,53814.45,369,56.36
1766167746878,2101.25,53846.14,369,56.36
1766167746919,2158.71,53903.59,369,56.36
1766167746951,2179.12,53924.01,369,56.36
1766167747005,2206.25,53951.14,369,56.36
1766167747066,2230.35,53975.23,369,56.36
1766167747104,2235.85,53980.74,369,56.36
1766167747253,2002.09,53991.27,370,56.36
1766167747286,2092.28,54081.47,370,56.36
1766167747321,2111.46,54100.65,370,56.36
1766167747355,2147.45,54136.64,370,56.36
1766167747408,2195.06,54184.25,370,56.36
1766167747448,2224.81,54214.00,370,56.36
1766167747522,2243.23,54232.42,370,56.36
1766167747558,2261.19,54250.38,370,56.36
1766167747601,2280.77,54269.96,370,56.36
1766167747648,2298.95,54288.14,370,56.36
1766167747815,2171.39,54382.10,371,58.40
1766167747815,2171.40,54382.10,371,58.40
1766167747875,2219.74,54430.45,371,58.40
1766167747912,2237.78,54448.49,371,58.40
1766167747972,2274.97,54485.68,371,58.40
1766167748017,2289.20,54499.91,371,58.40
1766167748084,2289.20,54499.91,371,58.40
1766167748104,2289.20,54499.91,371,58.40
1766167748189,2289.20,54499.91,371,58.40
1766167748201,2289.20,54499.91,371,58.40
1766167748369,1979.79,54499.93,372,58.83
1766167748369,1979.79,54499.94,372,58.83
1766167748782,2371.20,54891.35,372,58.83
1766167748915,2161.83,54891.71,373,58.83
1766167748916,2161.84,54891.72,373,58.83
1766167749081,2276.12,55006.00,373,58.83
1766167749081,2326.53,55056.41,373,58.83
1766167749108,2364.27,55094.15,373,58.83
1766167749165,2383.03,55112.91,373,58.83
1766167749212,2409.96,55139.84,373,58.83
1766167749254,2409.96,55139.84,373,58.83
1766167749301,2409.96,55139.84,373,58.83
1766167749348,2409.96,55139.84,373,58.83
1766167749529,2018.54,55139.86,374,60.36
1766167749529,2018.54,55139.87,374,60.36
1766167749567,2031.32,55152.65,374,60.36
1766167749671,2061.34,55182.66,374,60.36
1766167749679,2117.08,55238.40,374,60.36
1766167749710,2144.25,55265.57,374,60.36
1766167749756,2167.22,55288.55,374,60.36
1766167749821,2209.74,55331.06,374,60.36
1766167749859,2231.90,55353.22,374,60.36
1766167749913,2261.62,55382.94,374,60.36
1766167749961,2265.31,55386.63,374,60.36
1766167750107,2111.69,55481.50,375,60.36
1766167750108,2111.71,55481.52,375,60.36
1766167750179,2163.83,55533.64,375,60.36
1766167750205,2182.76,55552.56,375,60.36
1766167750262,2200.89,55570.70,375,60.36
1766167750311,2243.56,55613.37,375,60.36
1766167750426,2315.78,55685.59,375,60.36
1766167750450,2340.40,55710.20,375,60.36
1766167750511,2346.20,55716.01,375,60.36
1766167750564,2346.20,55716.01,375,60.36
1766167750597,2346.20,55716.01,375,60.36
1766167750834,2260.79,55887.41,376,61.90
1766167750834,2260.79,55887.41,376,61.90
1766167750856,2281.88,55908.50,376,61.90
1766167750906,2292.61,55919.23,376,61.90
1766167750968,2308.06,55934.68,376,61.90
1766167751001,2319.86,55946.48,376,61.90
1766167751060,2337.57,55964.19,376,61.90
1766167751099,2353.24,55979.86,376,61.90
1766167751198,2056.36,56002.34,377,61.90
1766167751345,2086.80,56032.78,377,61.90
1766167751349,2169.34,56115.32,377,61.90
1766167751349,2169.34,56115.32,377,61.90
1766167751449,2237.24,56183.22,377,61.90
1766167751454,2244.14,56190.12,377,61.90
1766167751570,2285.55,56231.53,377,61.90
1766167751599,2298.38,56244.36,377,61.90
1766167751736,2020.49,56252.45,378,61.90
1766167751736,2020.80,56252.76,378,61.90
1766167751964,2212.86,56444.82,378,61.90
1766167752007,2238.68,56470.64,378,61.90
1766167752065,2238.68,56470.64,378,61.90
1766167752110,2238.68,56470.64,378,61.90
1766167752149,2238.68,56470.64,378,61.90
1766167752301,1988.26,56470.66,379,63.44
1766167752302,1988.59,56471.00,379,63.44
1766167752356,2089.30,56571.71,379,63.44
1766167752419,2137.02,56619.43,379,63.44
1766167752469,2154.79,56637.20,379,63.44
1766167752501,2176.24,56658.65,379,63.44
1766167752565,2202.63,56685.04,379,63.44
1766167752602,2202.63,56685.04,379,63.44
1766167752719,2202.63,56685.04,379,63.44
1766167752720,2202.63,56685.04,379,63.44
1766167752747,2202.63,56685.04,379,63.44
1766167752903,1984.45,56685.06,380,63.44
1766167752905,1984.45,56685.06,380,63.44
1766167753017,2079.17,56779.78,380,63.44
1766167753070,2126.12,56826.73,380,63.44
1766167753120,2147.37,56847.98,380,63.44
1766167753169,2181.97,56882.58,380,63.44
1766167753198,2204.93,56905.54,380,63.44
1766167753255,2241.48,56942.09,380,63.44
1766167753314,2259.83,56960.44,380,63.44
1766167753469,2067.11,56982.11,381,63.44
1766167753469,2067.11,56982.11,381,63.44
1766167753509,2079.23,56994.23,381,63.44
1766167753556,2117.77,57032.77,381,63.44
1766167753670,2202.99,57117.99,381,63.44
1766167753740,2255.50,57170.51,381,63.44
1766167753769,2258.15,57173.15,381,63.44
1766167753807,2275.27,57190.27,381,63.44
1766167753865,2310.11,57225.11,381,63.44
1766167753904,2337.21,57252.21,381,63.44
1766167754068,2040.17,57252.23,382,63.44
1766167754068,2040.17,57252.23,382,63.44
1766167754113,2060.02,57272.08,382,63.44
1766167754208,2133.26,57345.32,382,63.44
1766167754265,2178.02,57390.08,382,63.44
1766167754317,2213.83,57425.89,382,63.44
1766167754354,2236.58,57448.65,382,63.44
1766167754437,2281.75,57493.82,382,63.44
1766167754453,2293.01,57505.07,382,63.44
1766167754628,2068.10,57550.28,383,64.00
1766167754629,2068.11,57550.29,383,64.00
1766167754769,2242.38,57724.56,383,64.00
1766167754775,2254.84,57737.02,383,64.00
1766167754798,2259.99,57742.17,383,64.00
1766167754852,2259.99,57742.17,383,64.00
1766167754906,2259.99,57742.17,383,64.00
1766167754979,2281.94,57764.12,383,64.00
1766167755006,2284.07,57766.25,383,64.00
1766167755161,1986.02,57766.27,384,64.47
1766167755207,2093.28,57873.52,384,64.47
1766167755279,2147.76,57928.00,384,64.47
1766167755316,2173.03,57953.28,384,64.47
1766167755351,2190.29,57970.53,384,64.47
1766167755461,2210.10,57990.34,384,64.47
1766167755499,2222.21,58002.45,384,64.47
1766167755554,2243.70,58023.94,384,64.47
1766167755711,2043.41,58039.64,385,65.38
1766167755711,2043.73,58039.96,385,65.38
1766167756005,2228.68,58224.91,385,65.38
1766167756015,2242.79,58239.02,385,65.38
1766167756057,2264.16,58260.39,385,65.38
1766167756102,2286.15,58282.37,385,65.38
1766167756259,2036.41,58306.01,386,66.90
1766167756259,2036.41,58306.01,386,66.90
1766167756319,2056.08,58325.68,386,66.90
1766167756392,2083.14,58352.74,386,66.90
1766167756402,2102.36,58371.96,386,66.90
1766167756511,2197.85,58467.45,386,66.90
1766167756515,2197.85,58467.45,386,66.90
1766167756573,2230.28,58499.88,386,66.90
1766167756614,2246.91,58516.51,386,66.90
1766167756667,2273.60,58543.20,386,66.90
1766167756697,2294.84,58564.44,386,66.90
1766167756839,2069.63,58605.59,387,66.90
1766167756860,2125.11,58661.07,387,66.90
1766167756962,2204.92,58740.88,387,66.90
1766167756990,2239.82,58775.79,387,66.90
1766167757019,2258.49,58794.46,387,66.90
1766167757354,2158.08,58954.35,388,67.41
1766167757435,2196.32,58992.59,388,67.41
1766167757453,2212.25,59008.52,388,67.41
1766167757938,2132.66,59157.10,389,67.41
1766167757954,2138.51,59162.95,389,67.41
1766167758009,2175.30,59199.74,389,67.41
1766167758059,2186.71,59211.15,389,67.41
1766167758119,2186.71,59211.16,389,67.41
1766167758150,2186.71,59211.16,389,67.41
1766167758200,2186.71,59211.16,389,67.41
1766167758280,2186.71,59211.16,389,67.41
1766167758307,2186.71,59211.16,389,67.41
1766167758465,1968.01,59211.18,390,67.41
1766167758465,1968.01,59211.18,390,67.41
1766167758509,1996.48,59239.65,390,67.41
1766167758602,2037.44,59280.61,390,67.41
1766167758605,2074.82,59317.99,390,67.41
1766167758703,2153.61,59396.78,390,67.41
1766167758749,2169.64,59412.81,390,67.41
1766167758797,2233.59,59476.77,390,67.41
1766167758869,2035.64,59476.77,391,67.41
1766167759002,2036.44,59477.57,391,67.41
1766167759005,2162.46,59603.59,391,67.41
1766167759119,2255.12,59696.25,391,67.41
1766167759155,2267.70,59708.83,391,67.41
1766167759232,2308.75,59749.88,391,67.41
1766167759248,2319.63,59760.77,391,67.41
1766167759407,2066.99,59773.74,392,67.41
1766167759468,2207.08,59913.83,392,67.41
1766167759498,2222.18,59928.92,392,67.41
1766167759569,2252.57,59959.32,392,67.41
1766167759615,2286.30,59993.04,392,67.41
1766167759686,2286.30,59993.04,392,67.41
1766167759703,2286.30,59993.04,392,67.41
1766167759752,2286.30,59993.04,392,67.41
1766167759797,2286.30,59993.04,392,67.41
1766167759961,1989.42,59993.07,393,76.13
1766167759961,1989.43,59993.07,393,76.13
1766167760000,2005.60,60009.24,393,76.13
1766167760048,2038.09,60041.74,393,76.13
1766167760115,2088.16,60091.80,393,76.13
1766167760178,2138.21,60141.85,393,76.13
1766167760200,2161.36,60165.01,393,76.13
1766167760268,2206.59,60210.23,393,76.13
1766167760309,2223.48,60227.12,393,76.13
1766167760353,2238.50,60242.14,393,76.13
1766167760432,2032.95,60255.97,394,76.13
1766167760516,2104.13,60327.15,394,76.13
1766167760522,2120.21,60343.23,394,76.13
1766167760557,2153.91,60376.93,394,76.13
1766167760601,2199.27,60422.29,394,76.13
1766167760660,2234.61,60457.63,394,76.13
1766167760705,2237.33,60460.35,394,76.13
1766167760799,2237.33,60460.35,394,76.13
1766167760799,2237.33,60460.35,394,76.13
1766167760852,2237.33,60460.35,394,76.13
1766167761026,1974.43,60460.37,395,76.13
1766167761026,1974.43,60460.37,395,76.13
1766167761106,2101.28,60587.22,395,76.13
1766167761107,2106.70,60592.65,395,76.13
1766167761152,2139.77,60625.72,395,76.13
1766167761215,2187.99,60673.93,395,76.13
1766167761258,2203.79,60689.74,395,76.13
1766167761315,2209.77,60695.71,395,76.13
1766167761352,2209.77,60695.71,395,76.13
1766167761400,2209.77,60695.71,395,76.13
1766167761468,2209.77,60695.71,395,76.13
1766167761599,2005.41,60695.73,396,76.13
1766167761599,2005.41,60695.73,396,76.13
1766167761744,2047.64,60737.96,396,76.13
1766167761744,2128.22,60818.54,396,76.13
1766167761789,2169.91,60860.24,396,76.13
1766167761809,2175.50,60865.82,396,76.13
1766167761852,2175.68,60866.00,396,76.13
1766167761915,2210.10,60900.43,396,76.13
1766167761959,2233.50,60923.82,396,76.13
1766167762012,2267.30,60957.62,396,76.13
1766167762175,2079.79,61005.47,397,76.13
1766167762175,2079.79,61005.47,397,76.13
1766167762207,2100.59,61026.26,397,76.13
1766167762288,2151.39,61077.07,397,76.13
1766167762398,2206.47,61132.15,397,76.13
1766167762399,2240.86,61166.53,397,76.13
1766167762517,2317.91,61243.59,397,76.13
1766167762576,2356.63,61282.31,397,76.13
1766167762601,2379.89,61305.56,397,76.13
1766167762646,2379.89,61305.56,397,76.13
1766167762965,2083.29,61318.70,398,76.13
1766167762966,2329.13,61564.54,398,76.13
1766167763024,2370.90,61606.31,398,76.13
1766167763059,2378.92,61614.33,398,76.13
1766167763118,2423.60,61659.01,398,76.13
1766167763156,2456.10,61691.51,398,76.13
1766167763304,2162.53,61698.06,399,77.80
1766167763304,2162.53,61698.06,399,77.80
1766167763456,2209.07,61744.61,399,77.80
1766167763461,2286.81,61822.34,399,77.80
1766167763537,2332.06,61867.59,399,77.80
1766167763568,2342.45,61877.98,399,77.80
1766167763608,2377.46,61912.99,399,77.80
1766167763663,2394.47,61930.00,399,77.80
1766167763741,2429.01,61964.54,399,77.80
1766167763751,2436.10,61971.63,399,77.80
1766167763944,2066.19,61994.19,400,77.80
1766167764049,2110.23,62038.24,400,77.80
1766167764168,2141.55,62069.56,400,77.80
1766167764170,2238.39,62166.39,400,77.80
1766167764222,2265.30,62193.31,400,77.80
1766167764329,2284.15,62212.16,400,77.80
1766167764353,2294.82,62222.83,400,77.80
1766167764514,2009.00,62233.16,401,77.80
1766167764514,2009.01,62233.16,401,77.80
1766167764549,2030.69,62254.84,401,77.80
1766167764678,2118.05,62342.20,401,77.80
1766167764783,2214.04,62438.19,401,77.80
1766167764794,2233.32,62457.48,401,77.80
1766167764831,2255.85,62480.01,401,77.80
1766167764858,2267.12,62491.27,401,77.80
1766167764904,2314.45,62538.60,401,77.80
1766167765025,2080.71,62543.81,402,77.80
1766167765115,2242.54,62705.64,402,77.80
1766167765153,2263.28,62726.38,402,77.80
1766167765234,2316.80,62779.90,402,77.80
1766167765256,2330.15,62793.25,402,77.80
1766167765325,2369.41,62832.51,402,77.80
1766167765754,2272.78,63046.24,403,77.80
1766167765799,2282.48,63055.94,403,77.80
1766167765849,2314.16,63087.62,403,77.80
1766167765912,2346.60,63120.05,403,77.80
1766167765962,2361.62,63135.08,403,77.80
1766167766013,2373.64,63147.10,403,77.80
1766167766168,2103.47,63165.95,404,77.80
1766167766168,2103.47,63165.96,404,77.80
1766167766448,2314.01,63376.49,404,77.80
1766167766452,2336.40,63398.88,404,77.80
1766167766528,2341.50,63403.98,404,77.80
1766167766547,2341.50,63403.98,404,77.80
1766167766714,2008.11,63404.00,405,77.80
1766167766714,2008.11,63404.01,405,77.80
1766167766771,2032.94,63428.84,405,77.80
1766167766826,2047.86,63443.76,405,77.80
1766167766861,2099.25,63495.15,405,77.80
1766167766930,2132.79,63528.69,405,77.80
1766167766985,2172.83,63568.72,405,77.80
1766167767017,2191.86,63587.76,405,77.80
1766167767061,2213.25,63609.15,405,77.80
1766167767106,2236.99,63632.88,405,77.80
1766167767165,2236.99,63632.88,405,77.80
1766167767301,1998.96,63632.91,406,77.80
1766167767301,1998.96,63632.91,406,77.80
1766167767452,2118.69,63752.63,406,77.80
1766167767452,2119.31,63753.26,406,77.80
1766167767516,2179.85,63813.80,406,77.80
1766167767549,2195.08,63829.03,406,77.80
1766167767621,2231.91,63865.85,406,77.80
1766167767658,2240.40,63874.35,406,77.80
1766167767705,2240.40,63874.35,406,77.80
1766167767869,2011.52,63874.37,407,77.80
1766167767869,2011.52,63874.37,407,77.80
1766167767899,2020.13,63882.98,407,77.80
1766167767962,2050.70,63913.55,407,77.80
1766167768034,2138.67,64001.52,407,77.80
1766167768056,2144.22,64007.07,407,77.80
1766167768119,2182.12,64044.97,407,77.80
1766167768164,2225.20,64088.05,407,77.80
1766167768215,2245.75,64108.60,407,77.80
1766167768251,2249.35,64112.20,407,77.80
1766167768312,2275.36,64138.21,407,77.80
1766167768461,2051.16,64155.48,408,77.80
1766167768461,2051.17,64155.48,408,77.80
1766167768542,2080.02,64184.33,408,77.80
1766167768559,2096.29,64200.61,408,77.80
1766167768626,2166.81,64271.12,408,77.80
1766167768650,2183.86,64288.18,408,77.80
1766167768720,2240.00,64344.31,408,77.80
1766167768785,2292.62,64396.93,408,77.80
1766167768807,2292.62,64396.93,408,77.80
1766167768868,2292.62,64396.93,408,77.80
1766167768941,2011.52,64396.94,409,77.80
1766167769111,2196.03,64581.45,409,77.80
1766167769172,2221.10,64606.52,409,77.80
1766167769208,2251.17,64636.59,409,77.80
1766167769613,2118.80,64745.69,410,77.80
1766167769613,2119.26,64746.15,410,77.80
1766167769650,2165.08,64791.97,410,77.80
1766167769718,2211.86,64838.76,410,77.80
1766167769767,2231.33,64858.22,410,77.80
1766167769810,2247.49,64874.38,410,77.80
1766167769856,2247.49,64874.38,410,77.80
1766167769906,2247.49,64874.38,410,77.80
1766167769956,2247.49,64874.38,410,77.80
1766167769998,2247.49,64874.38,410,77.80
1766167770139,2007.85,64874.41,411,77.80
1766167770141,2007.85,64874.41,411,77.80
1766167770189,2017.98,64884.54,411,77.80
1766167770216,2026.45,64893.01,411,77.80
1766167770303,2073.68,64940.24,411,77.80
1766167770355,2110.11,64976.67,411,77.80
1766167770360,2150.64,65017.20,411,77.80
1766167770422,2192.63,65059.19,411,77.80
1766167770458,2209.72,65076.28,411,77.80
1766167770620,2073.84,65178.19,412,77.80
1766167770636,2074.73,65179.07,412,77.80
1766167771279,2197.71,65528.50,413,77.80
1766167771284,2235.93,65566.71,413,77.80
1766167771321,2254.29,65585.08,413,77.80
1766167771351,2282.36,65613.14,413,77.80
1766167771421,2319.03,65649.81,413,77.80
1766167771458,2342.54,65673.33,413,77.80
1766167771838,2252.10,65885.21,414,77.80
1766167771839,2304.05,65937.15,414,77.80
1766167771902,2352.82,65985.92,414,77.80
1766167772013,2412.94,66046.04,414,77.80
1766167772056,2412.94,66046.04,414,77.80
1766167772118,2412.94,66046.04,414,77.80
1766167772156,2412.94,66046.04,414,77.80
1766167772197,2412.94,66046.04,414,77.80
1766167772407,2149.84,66148.75,415,77.80
1766167772407,2149.85,66148.75,415,77.80
1766167772528,2314.05,66312.95,415,77.80
1766167772534,2319.49,66318.40,415,77.80
1766167772577,2335.96,66334.87,415,77.80
1766167772605,2352.27,66351.17,415,77.80
1766167772658,2371.89,66370.79,415,77.80
1766167772777,2099.32,66375.33,416,78.32
1766167772871,2251.70,66527.71,416,78.32
1766167772956,2313.27,66589.28,416,78.32
1766167772957,2313.27,66589.28,416,78.32
1766167773068,2331.90,66607.91,416,78.32
1766167773107,2353.43,66629.43,416,78.32
1766167773159,2353.43,66629.43,416,78.32
1766167773207,2353.43,66629.43,416,78.32
1766167773249,2353.43,66629.43,416,78.32
1766167773415,2024.18,66629.46,417,78.32
1766167773415,2024.18,66629.46,417,78.32
1766167773491,2063.65,66668.92,417,78.32
1766167773498,2066.60,66671.87,417,78.32
1766167773558,2128.95,66734.23,417,78.32
1766167773684,2206.23,66811.50,417,78.32
1766167773704,2218.08,66823.35,417,78.32
1766167773766,2250.08,66855.35,417,78.32
1766167773815,2268.26,66873.54,417,78.32
1766167773986,2156.20,67015.59,418,78.32
1766167773986,2156.20,67015.60,418,78.32
1766167774041,2180.40,67039.80,418,78.32
1766167774138,2249.12,67108.51,418,78.32
1766167774153,2255.92,67115.31,418,78.32
1766167774226,2273.40,67132.79,418,78.32
1766167774249,2282.64,67142.04,418,78.32
1766167774331,2300.55,67159.95,418,78.32
1766167774353,2313.16,67172.55,418,78.32
1766167774409,2325.22,67184.62,418,78.32
1766167774586,2085.24,67203.49,419,79.24
1766167774733,2085.59,67203.84,419,79.24
1766167774733,2246.47,67364.71,419,79.24
1766167774869,2332.50,67450.74,419,79.24
1766167774870,2351.95,67470.20,419,79.24
1766167774914,2386.36,67504.61,419,79.24
1766167774964,2386.36,67504.61,419,79.24
1766167775007,2386.36,67504.61,419,79.24
1766167775048,2386.36,67504.61,419,79.24
1766167775201,2071.19,67504.63,420,79.24
1766167775201,2071.19,67504.63,420,79.24
1766167775287,2101.18,67534.62,420,79.24
1766167775318,2123.95,67557.38,420,79.24
1766167775409,2143.22,67576.66,420,79.24
1766167775412,2223.65,67657.09,420,79.24
1766167775523,2274.19,67707.63,420,79.24
1766167775577,2305.34,67738.78,420,79.24
1766167775601,2305.34,67738.78,420,79.24
1766167775724,2043.57,67778.14,421,79.24
1766167776013,2255.53,67990.10,421,79.24
1766167776053,2255.53,67990.10,421,79.24
1766167776113,2255.53,67990.10,421,79.24
1766167776151,2255.53,67990.10,421,79.24
1766167776329,2019.09,68027.18,422,79.24
1766167776374,2114.57,68122.66,422,79.24
1766167776428,2149.59,68157.69,422,79.24
1766167776453,2154.67,68162.77,422,79.24
1766167776512,2177.55,68185.65,422,79.24
1766167776555,2202.12,68210.21,422,79.24
1766167776650,2257.41,68265.51,422,79.24
1766167776655,2267.99,68276.09,422,79.24
1766167776708,2298.88,68306.98,422,79.24
1766167776755,2328.47,68336.57,422,79.24
1766167776797,2374.22,68382.31,422,79.24
1766167776877,2168.13,68388.20,423,80.84
1766167776969,2286.31,68506.37,423,80.84
1766167777140,2345.61,68565.68,423,80.84
1766167777140,2383.02,68603.09,423,80.84
1766167777180,2402.27,68622.33,423,80.84
1766167777200,2402.27,68622.33,423,80.84
1766167777259,2402.27,68622.33,423,80.84
1766167777424,2004.58,68622.36,424,80.84
1766167777424,2004.58,68622.36,424,80.84
1766167777469,2020.56,68638.33,424,80.84
1766167777504,2044.28,68662.06,424,80.84
1766167777679,2180.82,68798.59,424,80.84
1766167777754,2220.83,68838.61,424,80.84
1766167777757,2254.04,68871.82,424,80.84
1766167777804,2278.41,68896.19,424,80.84
1766167777958,2069.45,68921.74,425,80.84
1766167777958,2069.45,68921.75,425,80.84
1766167778071,2104.10,68956.39,425,80.84
1766167778077,2123.92,68976.21,425,80.84
1766167778138,2180.94,69033.23,425,80.84
1766167778161,2210.75,69063.05,425,80.84
1766167778210,2246.41,69098.70,425,80.84
1766167778295,2306.55,69158.84,425,80.84
1766167778308,2306.55,69158.84,425,80.84
1766167778369,2306.55,69158.84,425,80.84
1766167778398,2306.55,69158.84,425,80.84
1766167778532,2007.19,69158.86,426,80.84
1766167778532,2007.19,69158.87,426,80.84
1766167778551,2016.55,69168.23,426,80.84
1766167778617,2049.55,69201.22,426,80.84
1766167778672,2122.46,69274.14,426,80.84
1766167778704,2157.32,69309.00,426,80.84
1766167778765,2212.13,69363.81,426,80.84
1766167778807,2227.33,69379.01,426,80.84
1766167778857,2253.38,69405.06,426,80.84
1766167778898,2253.38,69405.06,426,80.84
1766167779027,2016.28,69405.08,427,80.84
1766167779027,2016.29,69405.09,427,80.84
1766167779064,2031.43,69420.22,427,80.84
1766167779130,2063.72,69452.51,427,80.84
1766167779157,2088.88,69477.68,427,80.84
1766167779302,2203.58,69592.38,427,80.84
1766167779303,2227.32,69616.12,427,80.84
1766167779362,2237.73,69626.53,427,80.84
1766167779399,2261.00,69649.80,427,80.84
1766167779565,2047.78,69682.79,428,80.84
1766167779565,2047.78,69682.80,428,80.84
1766167779669,2179.20,69814.21,428,80.84
1766167779707,2209.30,69844.32,428,80.84
1766167779755,2247.81,69882.82,428,80.84
1766167779863,2267.23,69902.24,428,80.84
1766167779904,2267.23,69902.24,428,80.84
1766167779961,2267.23,69902.24,428,80.84
1766167779999,2267.23,69902.24,428,80.84
1766167780141,1989.54,69902.27,429,80.84
1766167780141,1989.54,69902.27,429,80.84
1766167780169,1995.32,69908.05,429,80.84
1766167780240,2025.82,69938.55,429,80.84
1766167780281,2067.09,69979.82,429,80.84
1766167780303,2078.45,69991.18,429,80.84
1766167780386,2130.22,70042.95,429,80.84
1766167780472,2190.60,70103.33,429,80.84
1766167780516,2220.79,70133.53,429,80.84
1766167780560,2246.07,70158.80,429,80.84
1766167780597,2246.07,70158.80,429,80.84
1766167780711,2026.62,70158.82,430,80.84
1766167780713,2026.63,70158.83,430,80.84
1766167780764,2125.16,70257.36,430,80.84
1766167780816,2152.85,70285.05,430,80.84
1766167780882,2197.74,70329.94,430,80.84
1766167780912,2216.11,70348.30,430,80.84
1766167780951,2238.43,70370.63,430,80.84
1766167781049,2265.41,70397.61,430,80.84
1766167781100,2287.86,70420.06,430,80.84
1766167781258,2047.93,70436.69,431,80.84
1766167781258,2047.93,70436.69,431,80.84
1766167781341,2074.76,70463.52,431,80.84
1766167781398,2099.04,70487.80,431,80.84
1766167781408,2119.40,70508.16,431,80.84
1766167781618,2256.52,70645.28,431,80.84
1766167781649,2256.84,70645.60,431,80.84
1766167781749,2005.55,70672.17,432,80.84
1766167781933,2187.20,70853.81,432,80.84
1766167781972,2219.21,70885.83,432,80.84
1766167782001,2233.74,70900.36,432,80.84
1766167782086,2244.15,70910.77,432,80.84
1766167782102,2244.15,70910.77,432,80.84
1766167782153,2244.15,70910.77,432,80.84
1766167782199,2244.15,70910.77,432,80.84
1766167782344,2008.68,70910.79,433,80.84
1766167782344,2008.68,70910.79,433,80.84
1766167782613,2191.90,71094.01,433,80.84
1766167782668,2209.49,71111.60,433,80.84
1766167782706,2237.55,71139.67,433,80.84
1766167782777,2288.04,71190.16,433,80.84
1766167782802,2313.47,71215.58,433,80.84
1766167782949,2105.06,71245.78,434,80.84
1766167782951,2105.06,71245.78,434,80.84
1766167783039,2232.45,71373.18,434,80.84
1766167783070,2237.44,71378.16,434,80.84
1766167783112,2276.65,71417.37,434,80.84
1766167783156,2303.62,71444.34,434,80.84
1766167783245,2353.69,71494.41,434,80.84
1766167783248,2353.69,71494.41,434,80.84
1766167783339,2386.74,71527.46,434,80.84
1766167783352,2395.91,71536.64,434,80.84
1766167783468,2091.72,71567.44,435,81.36
1766167784104,2154.34,71951.73,436,81.36
1766167784158,2197.85,71995.24,436,81.36
1766167784249,2233.15,72030.54,436,81.36
1766167784265,2233.15,72030.54,436,81.36
1766167784305,2249.56,72046.95,436,81.36
1766167784383,2275.74,72073.13,436,81.36
1766167784403,2285.21,72082.60,436,81.36
1766167784483,2312.80,72110.19,436,81.36
1766167784506,2324.98,72122.37,436,81.36
1766167784676,2087.96,72148.55,437,81.36
1766167784676,2087.97,72148.55,437,81.36
1766167784700,2098.95,72159.54,437,81.36
1766167784790,2130.97,72191.56,437,81.36
1766167784811,2150.95,72211.54,437,81.36
1766167784855,2220.53,72281.12,437,81.36
1766167784904,2250.51,72311.09,437,81.36
1766167784958,2291.49,72352.07,437,81.36
1766167785013,2319.46,72380.05,437,81.36
1766167785048,2328.99,72389.58,437,81.36
1766167785099,2363.38,72423.97,437,81.36
1766167785289,2074.34,72452.82,438,81.36
1766167785289,2074.34,72452.82,438,81.36
1766167785313,2081.15,72459.63,438,81.36
1766167785369,2113.66,72492.14,438,81.36
1766167785407,2129.13,72507.62,438,81.36
1766167785449,2187.56,72566.04,438,81.36
1766167785528,2249.93,72628.41,438,81.36
1766167785565,2292.70,72671.18,438,81.36
1766167785608,2309.61,72688.09,438,81.36
1766167785669,2315.07,72693.55,438,81.36
1766167785701,2315.07,72693.55,438,81.36
1766167785887,2010.82,72693.57,439,81.36
1766167785887,2010.82,72693.57,439,81.36
1766167785937,2028.65,72711.40,439,81.36
1766167785989,2053.69,72736.45,439,81.36
1766167786009,2084.33,72767.08,439,81.36
1766167786083,2191.62,72874.37,439,81.36
1766167786325,2299.21,72981.96,439,81.36
1766167786330,2342.54,73025.29,439,81.36
1766167786451,2101.81,73025.32,440,81.36
1766167786451,2101.82,73025.32,440,81.36
1766167786550,2132.04,73055.55,440,81.36
1766167786595,2148.05,73071.55,440,81.36
1766167786602,2203.37,73126.87,440,81.36
1766167786754,2290.97,73214.48,440,81.36
1766167786804,2307.50,73231.00,440,81.36
1766167786863,2337.09,73260.59,440,81.36
1766167786911,2339.33,73262.84,440,81.36
1766167786948,2339.33,73262.84,440,81.36
1766167787120,2007.61,73262.86,441,81.94
1766167787120,2007.61,73262.86,441,81.94
1766167787174,2037.74,73292.99,441,81.94
1766167787236,2051.30,73306.54,441,81.94
1766167787297,2130.71,73385.95,441,81.94
1766167787299,2138.05,73393.30,441,81.94
1766167787392,2208.21,73463.45,441,81.94
1766167787410,2208.47,73463.72,441,81.94
1766167787464,2236.32,73491.57,441,81.94
1766167787513,2249.02,73504.27,441,81.94
1766167787573,2271.95,73527.20,441,81.94
1766167787599,2287.41,73542.66,441,81.94
1766167787741,2063.47,73556.26,442,81.94
1766167787741,2063.47,73556.26,442,81.94
1766167788023,2270.55,73763.34,442,81.94
1766167788058,2280.57,73773.36,442,81.94
1766167788108,2299.21,73792.00,442,81.94
1766167788181,2317.33,73810.11,442,81.94
1766167788196,2337.52,73830.31,442,81.94
1766167788339,2044.96,73831.16,443,81.94
1766167788351,2046.78,73832.98,443,81.94
1766167788351,2049.51,73835.71,443,81.94
1766167788403,2073.95,73860.15,443,81.94
1766167788528,2199.05,73985.25,443,81.94
1766167788589,2224.00,74010.19,443,81.94
1766167788622,2244.27,74030.46,443,81.94
1766167788648,2258.89,74045.09,443,81.94
1766167788732,2282.83,74069.02,443,81.94
1766167788759,2296.26,74082.46,443,81.94
1766167788797,2312.88,74099.08,443,81.94
1766167788931,2038.76,74099.86,444,81.94
1766167788931,2038.76,74099.86,444,81.94
1766167788974,2054.20,74115.30,444,81.94
1766167789042,2083.66,74144.76,444,81.94
1766167789089,2104.40,74165.50,444,81.94
1766167789119,2174.02,74235.12,444,81.94
1766167789161,2206.89,74267.98,444,81.94
1766167789220,2245.91,74307.01,444,81.94
1766167789263,2286.03,74347.12,444,81.94
1766167789304,2305.49,74366.59,444,81.94
1766167789384,2346.24,74407.34,444,81.94
1766167789398,2374.59,74435.68,444,81.94
1766167789532,2109.00,74438.79,445,81.94
1766167789532,2109.00,74438.79,445,81.94
1766167789582,2124.18,74453.97,445,81.94
1766167789626,2145.32,74475.11,445,81.94
1766167789682,2178.27,74508.06,445,81.94
1766167789726,2231.76,74561.56,445,81.94
1766167789784,2291.45,74621.24,445,81.94
1766167789809,2300.57,74630.37,445,81.94
1766167789871,2341.58,74671.38,445,81.94
1766167789906,2353.57,74683.37,445,81.94
1766167789955,2368.26,74698.06,445,81.94
1766167789997,2368.26,74698.06,445,81.94
1766167790144,2029.35,74698.08,446,81.94
1766167790144,2029.35,74698.08,446,81.94
1766167790178,2037.05,74705.78,446,81.94
1766167790243,2065.20,74733.93,446,81.94
1766167790281,2092.34,74761.06,446,81.94
1766167790444,2189.18,74857.91,446,81.94
1766167790485,2286.31,74955.04,446,81.94
1766167790524,2331.28,75000.00,446,81.94
1766167790668,2084.03,75012.04,447,81.94
1766167790668,2084.03,75012.04,447,81.94
1766167790722,2098.00,75026.01,447,81.94
1766167790749,2121.19,75049.20,447,81.94
1766167790839,2208.07,75136.09,447,81.94
1766167790865,2229.21,75157.22,447,81.94
1766167790902,2259.93,75187.95,447,81.94
1766167790963,2293.36,75221.37,447,81.94
1766167791004,2310.39,75238.40,447,81.94
1766167791052,2310.39,75238.40,447,81.94
1766167791097,2310.39,75238.40,447,81.94
1766167791265,1996.45,75238.43,448,81.94
1766167791265,1996.45,75238.43,448,81.94
1766167791307,2023.74,75265.72,448,81.94
1766167791388,2055.11,75297.09,448,81.94
1766167791407,2111.42,75353.40,448,81.94
1766167791457,2145.01,75386.99,448,81.94
1766167791504,2183.54,75425.52,448,81.94
1766167791587,2223.41,75465.39,448,81.94
1766167791598,2223.41,75465.39,448,81.94
1766167791648,2223.41,75465.39,448,81.94
1766167791776,1997.05,75465.42,449,81.94
1766167791776,1997.05,75465.42,449,81.94
1766167791835,2022.31,75490.68,449,81.94
1766167791882,2048.78,75517.15,449,81.94
1766167791929,2085.75,75554.11,449,81.94
1766167791954,2146.45,75614.81,449,81.94
1766167792077,2239.78,75708.14,449,81.94
1766167792077,2239.78,75708.14,449,81.94
1766167792109,2241.22,75709.59,449,81.94
1766167792158,2263.43,75731.80,449,81.94
1766167792207,2307.51,75775.88,449,81.94
1766167792342,2091.72,75787.08,450,81.94
1766167792342,2091.73,75787.08,450,81.94
1766167792364,2098.83,75794.19,450,81.94
1766167792443,2135.81,75831.17,450,81.94
1766167792503,2167.03,75862.38,450,81.94
1766167792516,2233.79,75929.15,450,81.94
1766167792623,2322.26,76017.62,450,81.94
1766167792718,2384.48,76079.84,450,81.94
1766167792751,2414.69,76110.05,450,81.94
1766167792911,2100.59,76117.61,451,82.50
1766167792911,2100.59,76117.61,451,82.50
1766167792961,2120.17,76137.19,451,82.50
1766167793068,2231.25,76248.27,451,82.50
1766167793137,2282.30,76299.32,451,82.50
1766167793175,2320.21,76337.23,451,82.50
1766167793198,2320.21,76337.23,451,82.50
1766167793248,2320.21,76337.23,451,82.50
1766167793379,1989.71,76337.26,452,82.50
1766167793379,1989.71,76337.26,452,82.50
1766167793449,2138.45,76486.00,452,82.50
1766167793511,2183.25,76530.79,452,82.50
1766167793549,2207.41,76554.96,452,82.50
1766167793607,2248.77,76596.31,452,82.50
1766167793656,2273.46,76621.01,452,82.50
1766167793979,2074.93,76642.14,453,82.50
1766167794023,2188.29,76755.49,453,82.50
1766167794023,2188.29,76755.49,453,82.50
1766167794320,2344.79,76911.99,453,82.50
1766167794363,2381.88,76949.08,453,82.50
1766167794540,2124.07,76977.91,454,82.50
1766167794542,2124.07,76977.91,454,82.50
1766167794551,2130.50,76984.34,454,82.50
1766167794672,2172.29,77026.13,454,82.50
1766167794676,2194.86,77048.70,454,82.50
1766167794718,2268.08,77121.93,454,82.50
1766167794761,2306.02,77159.87,454,82.50
1766167794811,2343.94,77197.79,454,82.50
1766167794849,2366.32,77220.17,454,82.50
1766167794903,2381.70,77235.55,454,82.50
1766167794949,2381.70,77235.55,454,82.50
1766167795110,2027.72,77235.57,455,82.50
1766167795110,2027.72,77235.58,455,82.50
1766167795332,2240.90,77448.75,455,82.50
1766167795352,2260.53,77468.39,455,82.50
1766167795409,2290.80,77498.65,455,82.50
1766167795458,2322.15,77530.00,455,82.50
1766167795502,2322.15,77530.00,455,82.50
1766167795547,2322.15,77530.00,455,82.50
1766167795669,2064.51,77530.03,456,84.11
1766167795669,2064.51,77530.03,456,84.11
1766167795821,2216.82,77682.34,456,84.11
1766167795884,2285.42,77750.93,456,84.11
1766167795901,2285.42,77750.93,456,84.11
1766167795957,2285.42,77750.93,456,84.11
1766167796017,2285.42,77750.93,456,84.11
1766167796047,2285.42,77750.93,456,84.11
1766167796202,1990.99,77750.95,457,84.11
1766167796202,1990.99,77750.96,457,84.11
1766167796257,2022.27,77782.24,457,84.11
1766167796344,2080.36,77840.32,457,84.11
1766167796431,2191.20,77951.17,457,84.11
1766167796476,2220.90,77980.86,457,84.11
1766167796506,2222.66,77982.62,457,84.11
1766167796569,2273.15,78033.12,457,84.11
1766167796601,2289.54,78049.51,457,84.11
1766167796677,2077.83,78058.72,458,84.11
1766167796852,2279.45,78260.33,458,84.11
1766167796914,2312.39,78293.27,458,84.11
1766167797784,2168.92,78743.09,460,85.99
1766167797858,2326.77,78900.94,460,85.99
1766167797915,2348.38,78922.55,460,85.99
1766167798018,2407.44,78981.61,460,85.99
1766167798068,2435.80,79009.96,460,85.99
1766167798104,2435.80,79009.96,460,85.99
1766167798151,2435.80,79009.96,460,85.99
1766167798324,2037.27,79009.99,461,85.99
1766167798324,2037.28,79009.99,461,85.99
1766167798354,2054.95,79027.66,461,85.99
1766167798474,2089.51,79062.22,461,85.99
1766167798479,2110.15,79082.87,461,85.99
1766167798520,2179.67,79152.39,461,85.99
1766167798577,2224.10,79196.82,461,85.99
1766167798601,2232.59,79205.30,461,85.99
1766167798652,2256.64,79229.35,461,85.99
1766167798712,2289.47,79262.18,461,85.99
1766167798755,2327.67,79300.39,461,85.99
1766167798894,2089.27,79329.20,462,85.99
1766167798941,2201.39,79441.31,462,85.99
1766167799086,2302.05,79541.98,462,85.99
1766167799104,2310.67,79550.59,462,85.99
1766167799190,2335.55,79575.47,462,85.99
1766167799202,2341.98,79581.91,462,85.99
1766167799259,2358.53,79598.46,462,85.99
1766167799297,2385.64,79625.57,462,85.99
1766167799468,2084.48,79643.28,463,85.99
1766167799468,2084.48,79643.28,463,85.99
1766167799526,2121.36,79680.16,463,85.99
1766167799609,2142.78,79701.58,463,85.99
1766167799642,2217.05,79775.86,463,85.99
1766167799752,2275.54,79834.34,463,85.99
1766167799815,2321.18,79879.98,463,85.99
1766167799852,2321.18,79879.98,463,85.99
1766167799993,2006.79,79880.00,464,85.99
1766167799994,2006.79,79880.01,464,85.99
1766167800053,2070.57,79943.78,464,85.99
1766167800056,2071.14,79944.35,464,85.99
1766167800119,2181.32,80054.54,464,85.99
1766167800159,2204.89,80078.11,464,85.99
1766167800206,2221.70,80094.92,464,85.99
1766167800318,2266.03,80139.25,464,85.99
1766167800368,2282.94,80156.15,464,85.99
1766167800399,2296.98,80170.20,464,85.99
1766167800524,2068.89,80178.83,465,86.42
1766167800524,2068.89,80178.83,465,86.42
1766167800569,2087.86,80197.80,465,86.42
1766167800632,2116.24,80226.18,465,86.42
1766167800692,2146.13,80256.08,465,86.42
1766167800719,2217.24,80327.18,465,86.42
1766167800759,2255.03,80364.97,465,86.42
1766167800799,2283.06,80393.00,465,86.42
1766167800870,2328.83,80438.78,465,86.42
1766167800899,2357.86,80467.80,465,86.42
1766167801065,2059.06,80467.82,466,86.42
1766167801065,2059.06,80467.82,466,86.42
1766167801109,2156.18,80564.94,466,86.42
1766167801179,2224.65,80633.41,466,86.42
1766167801212,2248.39,80657.16,466,86.42
1766167801279,2286.59,80695.35,466,86.42
1766167801328,2309.90,80718.66,466,86.42
1766167801361,2327.51,80736.27,466,86.42
1766167801441,2394.38,80803.14,466,86.42
1766167801446,2394.38,80803.14,466,86.42
1766167801506,2432.63,80841.39,466,86.42
1766167801655,2157.36,80855.11,467,86.42
1766167801656,2157.44,80855.19,467,86.42
1766167801779,2306.21,81003.97,467,86.42
1766167801808,2332.82,81030.58,467,86.42
1766167801867,2372.14,81069.90,467,86.42
1766167801944,2375.18,81072.94,467,86.42
1766167801948,2375.18,81072.94,467,86.42
1766167801998,2375.18,81072.94,467,86.42
1766167802151,1987.91,81072.96,468,86.92
1766167802329,2163.12,81248.17,468,86.92
1766167802336,2197.57,81282.62,468,86.92
1766167802379,2216.49,81301.55,468,86.92
1766167802402,2232.30,81317.35,468,86.92
1766167802451,2242.97,81328.02,468,86.92
1766167802503,2271.64,81356.69,468,86.92
1766167802553,2289.80,81374.85,468,86.92
1766167802695,2111.63,81414.53,469,86.92
1766167802697,2111.98,81414.88,469,86.92
1766167802835,2258.80,81561.70,469,86.92
1766167802851,2274.81,81577.71,469,86.92
1766167802975,2353.58,81656.48,469,86.92
1766167803006,2353.58,81656.48,469,86.92
1766167803086,2353.59,81656.48,469,86.92
1766167803097,2353.59,81656.48,469,86.92
1766167803258,2012.04,81656.51,470,86.92
1766167803259,2012.05,81656.51,470,86.92
1766167803303,2038.43,81682.89,470,86.92
1766167803398,2070.42,81714.89,470,86.92
1766167803448,2152.12,81796.58,470,86.92
1766167803499,2188.45,81832.91,470,86.92
1766167803511,2217.44,81861.90,470,86.92
1766167803565,2295.87,81940.34,470,86.92
1766167803612,2313.80,81958.26,470,86.92
1766167803745,2077.80,81964.24,471,86.92
1766167803747,2078.09,81964.53,471,86.92
1766167804055,2112.43,81998.87,471,86.92
1766167804102,2302.81,82189.25,471,86.92
1766167804112,2341.25,82227.69,471,86.92
1766167804152,2367.29,82253.73,471,86.92
1766167804319,2059.58,82253.76,472,86.92
1766167804319,2059.58,82253.76,472,86.92
1766167804349,2072.43,82266.61,472,86.92
1766167804432,2109.57,82303.74,472,86.92
1766167804462,2150.04,82344.22,472,86.92
1766167804521,2220.61,82414.78,472,86.92
1766167804570,2240.39,82434.57,472,86.92
1766167804609,2263.50,82457.68,472,86.92
1766167804659,2292.19,82486.37,472,86.92
1766167804698,2325.63,82519.81,472,86.92
1766167804859,2080.84,82564.52,473,86.92
1766167804859,2080.84,82564.53,473,86.92
1766167804927,2101.40,82585.08,473,86.92
1766167804952,2164.12,82647.81,473,86.92
1766167805014,2252.39,82736.08,473,86.92
1766167805062,2289.31,82772.99,473,86.92
1766167805104,2307.14,82790.83,473,86.92
1766167805161,2332.90,82816.59,473,86.92
1766167805263,2384.95,82868.64,473,86.92
1766167805298,2453.77,82937.46,473,86.92
1766167805457,2145.61,82940.07,474,86.92
1766167805457,2145.61,82940.07,474,86.92
1766167805498,2168.35,82962.81,474,86.92
1766167805612,2303.63,83098.09,474,86.92
1766167805768,2353.44,83147.90,474,86.92
1766167805829,2378.01,83172.47,474,86.92
1766167805988,2079.51,83249.52,475,87.95
1766167806003,2168.39,83338.41,475,87.95
1766167806050,2179.75,83349.76,475,87.95
1766167806050,2198.96,83368.97,475,87.95
1766167806109,2230.80,83400.81,475,87.95
1766167806156,2244.79,83414.80,475,87.95
1766167806235,2268.11,83438.12,475,87.95
1766167806249,2276.55,83446.56,475,87.95
1766167806324,2293.32,83463.33,475,87.95
1766167806365,2313.28,83483.29,475,87.95
1766167806399,2334.76,83504.77,475,87.95
1766167806526,2090.15,83517.66,476,88.86
1766167806528,2090.23,83517.74,476,88.86
1766167806632,2276.97,83704.48,476,88.86
1766167806659,2292.83,83720.34,476,88.86
1766167806717,2299.70,83727.22,476,88.86
1766167806752,2299.70,83727.22,476,88.86
1766167806825,2299.70,83727.22,476,88.86
1766167806849,2299.70,83727.22,476,88.86
1766167806976,1979.62,83727.22,477,88.86
1766167807508,2070.90,84028.08,478,88.86
1766167807510,2096.54,84053.72,478,88.86
1766167807564,2212.68,84169.86,478,88.86
1766167807613,2248.16,84205.34,478,88.86
1766167807674,2297.89,84255.07,478,88.86
1766167807701,2297.94,84255.12,478,88.86
1766167807758,2326.56,84283.73,478,88.86
1766167807804,2326.56,84283.73,478,88.86
1766167807866,2326.56,84283.73,478,88.86
1766167807897,2326.56,84283.73,478,88.86
1766167808045,2025.77,84283.76,479,88.86
1766167808045,2025.77,84283.76,479,88.86
1766167808082,2168.26,84426.25,479,88.86
1766167808111,2191.69,84449.68,479,88.86
1766167808152,2214.68,84472.67,479,88.86
1766167808226,2248.34,84506.33,479,88.86
1766167808258,2261.66,84519.65,479,88.86
1766167808720,2200.65,84714.35,480,88.86
1766167809829,2323.03,85517.23,482,91.04
1766167809838,2361.26,85555.46,482,91.04
1766167809879,2366.54,85560.75,482,91.04
1766167809918,2385.59,85579.79,482,91.04
1766167809961,2405.13,85599.33,482,91.04
1766167810016,2431.20,85625.41,482,91.04
1766167810379,2216.96,85818.66,483,91.04
1766167810498,2337.54,85939.24,483,91.04
1766167810511,2355.60,85957.31,483,91.04
1766167810577,2373.65,85975.36,483,91.04
1766167810608,2386.17,85987.88,483,91.04
1766167810660,2386.17,85987.88,483,91.04
1766167810746,2386.17,85987.88,483,91.04
1766167810747,2386.17,85987.88,483,91.04
1766167810953,2053.41,85987.90,484,91.04
1766167810955,2053.41,85987.90,484,91.04
1766167811016,2088.18,86022.67,484,91.04
1766167811089,2102.19,86036.68,484,91.04
1766167811281,2231.34,86165.83,484,91.04
1766167811307,2252.37,86186.86,484,91.04
1766167811322,2270.25,86204.75,484,91.04
1766167811355,2297.06,86231.56,484,91.04
1766167811492,2013.75,86231.58,485,91.04
1766167811492,2013.75,86231.58,485,91.04
1766167811498,2016.24,86234.07,485,91.04
1766167811620,2055.38,86273.22,485,91.04
1766167811655,2116.98,86334.81,485,91.04
1766167811656,2171.23,86389.07,485,91.04
1766167811701,2208.17,86426.00,485,91.04
1766167811761,2254.76,86472.59,485,91.04
1766167811799,2284.84,86502.67,485,91.04
1766167811848,2289.99,86507.82,485,91.04
1766167811961,2046.33,86507.84,486,91.65
1766167811961,2046.33,86507.85,486,91.65
1766167812101,2084.67,86546.19,486,91.65
1766167812103,2171.25,86632.76,486,91.65
1766167812157,2226.67,86688.18,486,91.65
1766167812206,2255.07,86716.58,486,91.65
1766167812253,2278.44,86739.96,486,91.65
1766167812304,2305.61,86767.12,486,91.65
1766167812388,2307.88,86769.39,486,91.65
1766167812397,2307.88,86769.39,486,91.65
1766167812536,2031.64,86769.42,487,91.65
1766167812536,2031.64,86769.42,487,91.65
1766167812555,2040.39,86778.16,487,91.65
1766167812635,2059.96,86797.74,487,91.65
1766167812687,2140.92,86878.70,487,91.65
1766167812709,2202.50,86940.28,487,91.65
1766167812765,2235.77,86973.54,487,91.65
1766167812806,2257.67,86995.45,487,91.65
1766167812859,2284.92,87022.69,487,91.65
1766167812903,2304.76,87042.54,487,91.65
1766167812957,2304.76,87042.54,487,91.65
1766167812998,2304.76,87042.54,487,91.65
1766167813140,2043.21,87042.56,488,91.65
1766167813140,2043.22,87042.57,488,91.65
1766167813161,2046.41,87045.76,488,91.65
1766167813251,2109.59,87108.94,488,91.65
1766167813348,2204.80,87204.15,488,91.65
1766167813352,2236.50,87235.85,488,91.65
1766167813401,2256.48,87255.83,488,91.65
1766167813479,2256.48,87255.83,488,91.65
1766167813503,2256.48,87255.83,488,91.65
1766167813678,1983.36,87255.85,489,92.18
1766167813678,1983.36,87255.85,489,92.18
1766167813707,1996.49,87268.98,489,92.18
1766167813820,2025.12,87297.61,489,92.18
1766167813856,2047.21,87319.70,489,92.18
1766167813857,2131.05,87403.54,489,92.18
1766167813932,2161.70,87434.19,489,92.18
1766167813961,2190.65,87463.15,489,92.18
1766167813999,2201.83,87474.32,489,92.18
1766167814057,2220.84,87493.33,489,92.18
1766167814099,2220.84,87493.33,489,92.18
1766167814224,2007.57,87493.35,490,92.18
1766167814224,2007.57,87493.36,490,92.18
1766167814256,2024.76,87510.55,490,92.18
1766167814361,2129.41,87615.19,490,92.18
1766167814375,2166.06,87651.84,490,92.18
1766167814419,2200.54,87686.32,490,92.18
1766167814456,2212.60,87698.39,490,92.18
1766167814520,2236.10,87721.88,490,92.18
1766167814574,2236.10,87721.88,490,92.18
1766167814695,1998.61,87721.90,491,92.18
1766167814839,2170.24,87893.52,491,92.18
1766167814865,2198.11,87921.39,491,92.18
1766167814901,2205.22,87928.51,491,92.18
1766167814976,2205.22,87928.51,491,92.18
1766167815004,2205.22,87928.51,491,92.18
1766167815052,2205.22,87928.51,491,92.18
1766167815097,2205.22,87928.51,491,92.18
1766167815203,1976.69,87928.53,492,92.68
1766167815203,1976.70,87928.53,492,92.68
1766167815337,2128.57,88080.41,492,92.68
1766167815352,2142.44,88094.27,492,92.68
1766167815420,2196.33,88148.17,492,92.68
1766167815477,2208.03,88159.86,492,92.68
1766167815504,2221.94,88173.78,492,92.68
1766167815547,2229.91,88181.75,492,92.68
1766167815689,2024.53,88182.99,493,92.68
1766167815747,2047.16,88205.62,493,92.68
1766167815764,2177.31,88335.77,493,92.68
1766167815821,2208.03,88366.49,493,92.68
1766167815865,2233.24,88391.71,493,92.68
1766167815903,2259.14,88417.60,493,92.68
1766167815991,2334.94,88493.40,493,92.68
1766167815999,2342.17,88500.63,493,92.68
1766167816121,2092.24,88503.94,494,92.68
1766167816129,2092.58,88504.29,494,92.68
1766167816179,2253.19,88664.89,494,92.68
1766167816271,2264.98,88676.68,494,92.68
1766167816273,2333.79,88745.50,494,92.68
1766167816298,2344.15,88755.85,494,92.68
1766167816363,2344.15,88755.85,494,92.68
1766167816400,2344.15,88755.85,494,92.68
1766167816455,2344.15,88755.85,494,92.68
1766167816622,2021.99,88755.87,495,92.68
1766167816622,2022.00,88755.88,495,92.68
1766167816737,2105.02,88838.90,495,92.68
1766167816929,2238.88,88972.76,495,92.68
1766167816951,2269.98,89003.86,495,92.68
1766167817090,2018.08,89003.88,496,92.68
1766167817090,2018.08,89003.89,496,92.68
1766167817143,2095.07,89080.87,496,92.68
1766167817151,2113.25,89099.05,496,92.68
1766167817205,2201.50,89187.31,496,92.68
1766167817275,2238.51,89224.31,496,92.68
1766167817303,2247.88,89233.68,496,92.68
1766167817389,2271.12,89256.93,496,92.68
1766167817404,2278.00,89263.81,496,92.68
1766167817468,2298.47,89284.27,496,92.68
1766167817499,2317.49,89303.29,496,92.68
1766167817579,2077.25,89311.07,497,92.68
1766167817685,2143.03,89376.85,497,92.68
1766167817745,2271.12,89504.94,497,92.68
1766167817782,2292.23,89526.05,497,92.68
1766167817823,2318.10,89551.92,497,92.68
1766167817859,2337.68,89571.50,497,92.68
1766167817915,2372.29,89606.11,497,92.68
1766167818218,2219.51,89760.52,498,92.68
1766167818733,2281.84,90117.92,499,94.20
1766167818805,2311.28,90147.35,499,94.20
1766167818871,2345.63,90181.70,499,94.20
1766167818900,2345.63,90181.70,499,94.20
1766167818969,2345.63,90181.70,499,94.20
1766167818999,2345.63,90181.70,499,94.20
1766167819054,2345.63,90181.70,499,94.20
1766167819102,2345.63,90181.70,499,94.20
1766167819237,2020.12,90181.73,500,94.20
1766167819237,2020.12,90181.73,500,94.20
1766167819409,2180.82,90342.43,500,94.20
1766167819411,2274.06,90435.67,500,94.20
1766167819539,2365.51,90527.12,500,94.20
1766167819568,2365.51,90527.12,500,94.20
1766167819599,2365.51,90527.12,500,94.20
1766167819726,2115.48,90527.15,501,94.20
1766167819726,2115.48,90527.15,501,94.20
1766167819752,2126.55,90538.22,501,94.20
1766167819815,2175.64,90587.30,501,94.20
1766167819892,2266.06,90677.73,501,94.20
1766167819908,2296.51,90708.18,501,94.20
1766167819969,2343.86,90755.53,501,94.20
1766167820001,2344.17,90755.83,501,94.20
1766167820055,2390.53,90802.19,501,94.20
1766167820337,2250.24,91007.32,502,94.71
1766167820340,2275.31,91032.40,502,94.71
1766167820372,2293.11,91050.19,502,94.71
1766167820412,2317.33,91074.41,502,94.71
1766167820490,2343.32,91100.40,502,94.71
1766167820498,2343.32,91100.40,502,94.71
1766167820581,2343.32,91100.40,502,94.71
1766167820721,2047.61,91100.43,503,96.16
1766167820722,2047.61,91100.43,503,96.16
1766167820751,2064.38,91117.19,503,96.16
1766167820820,2091.57,91144.39,503,96.16
1766167820862,2136.43,91189.25,503,96.16
1766167820909,2199.84,91252.66,503,96.16
1766167820961,2230.62,91283.43,503,96.16
1766167821010,2270.94,91323.76,503,96.16
1766167821048,2273.87,91326.69,503,96.16
1766167821128,2300.21,91353.02,503,96.16
1766167821219,2022.67,91353.03,504,96.16
1766167821277,2063.38,91393.74,504,96.16
1766167821333,2193.30,91523.66,504,96.16
1766167821383,2201.82,91532.19,504,96.16
1766167821462,2215.66,91546.02,504,96.16
1766167821531,2215.66,91546.02,504,96.16
1766167821552,2215.66,91546.02,504,96.16
1766167821612,2228.94,91559.30,504,96.16
1766167821749,1992.66,91575.64,505,96.16
1766167821749,1992.67,91575.65,505,96.16
1766167821829,2021.59,91604.57,505,96.16
1766167821864,2051.13,91634.12,505,96.16
1766167821924,2157.22,91740.20,505,96.16
1766167821978,2189.41,91772.39,505,96.16
1766167822021,2221.11,91804.09,505,96.16
1766167822052,2238.03,91821.01,505,96.16
1766167822108,2275.01,91857.99,505,96.16
1766167822149,2275.01,91857.99,505,96.16
1766167822291,2052.44,91858.02,506,96.16
1766167822299,2055.21,91860.79,506,96.16
1766167822419,2202.11,92007.69,506,96.16
1766167822469,2239.01,92044.59,506,96.16
1766167822503,2262.77,92068.35,506,96.16
1766167822560,2303.40,92108.98,506,96.16
1766167822598,2334.47,92140.05,506,96.16
1766167822652,2334.47,92140.05,506,96.16
1766167822804,2052.12,92140.07,507,96.16
1766167822897,2114.87,92202.83,507,96.16
1766167822897,2114.87,92202.83,507,96.16
1766167822979,2225.53,92313.48,507,96.16
1766167823081,2286.53,92374.49,507,96.16
1766167823105,2286.53,92374.49,507,96.16
1766167823160,2286.53,92374.49,507,96.16
1766167823369,2184.85,92554.87,508,96.16
1766167823372,2186.17,92556.19,508,96.16
1766167823409,2206.94,92576.95,508,96.16
1766167823462,2232.80,92602.81,508,96.16
1766167823504,2267.55,92637.56,508,96.16
1766167823972,2151.15,92755.59,509,96.16
1766167823980,2282.01,92886.46,509,96.16
1766167824022,2327.37,92931.81,509,96.16
1766167824051,2331.56,92936.01,509,96.16
1766167824111,2331.56,92936.01,509,96.16
1766167824161,2331.56,92936.01,509,96.16
1766167824212,2331.56,92936.01,509,96.16
1766167824248,2331.56,92936.01,509,96.16
1766167824300,2331.56,92936.01,509,96.16
1766167824397,1998.66,92945.30,510,97.16
1766167824630,2305.67,93252.31,510,97.16
1766167824644,2321.61,93268.25,510,97.16
1766167824667,2332.82,93279.46,510,97.16
1766167824701,2340.46,93287.10,510,97.16
1766167824767,2340.46,93287.10,510,97.16
1766167824806,2340.46,93287.10,510,97.16
1766167824939,2121.15,93287.12,511,97.16
1766167824964,2137.47,93303.43,511,97.16
1766167825007,2157.08,93323.05,511,97.16
1766167825092,2223.23,93389.20,511,97.16
1766167825100,2254.64,93420.60,511,97.16
1766167825166,2323.58,93489.55,511,97.16
1766167825209,2339.54,93505.51,511,97.16
1766167825251,2353.98,93519.95,511,97.16
1766167825321,2394.31,93560.28,511,97.16
1766167825357,2408.44,93574.41,511,97.16
1766167825402,2408.44,93574.41,511,97.16
1766167825571,2057.38,93574.43,512,97.16
1766167825571,2057.38,93574.43,512,97.16
1766167825628,2073.41,93590.46,512,97.16
1766167825659,2096.04,93613.10,512,97.16
1766167825751,2112.62,93629.68,512,97.16
1766167825757,2191.93,93708.98,512,97.16
1766167825821,2256.76,93773.81,512,97.16
1766167825851,2266.00,93783.06,512,97.16
1766167825912,2304.56,93821.62,512,97.16
1766167825951,2323.67,93840.73,512,97.16
1766167826008,2340.62,93857.68,512,97.16
1766167826139,2061.66,93866.03,513,97.16
1766167826143,2061.96,93866.33,513,97.16
1766167826353,2275.53,94079.90,513,97.16
1766167826353,2275.53,94079.90,513,97.16
1766167826404,2302.46,94106.82,513,97.16
1766167826451,2302.46,94106.82,513,97.16
1766167826511,2302.46,94106.82,513,97.16
1766167826548,2302.46,94106.82,513,97.16
1766167826704,2010.88,94106.85,514,98.71
1766167826704,2010.88,94106.85,514,98.71
1766167826844,2210.84,94306.81,514,98.71
1766167826844,2211.34,94307.31,514,98.71
1766167826848,2212.86,94308.83,514,98.71
1766167826922,2261.88,94357.85,514,98.71
1766167826963,2280.09,94376.06,514,98.71
1766167827006,2294.77,94390.74,514,98.71
1766167827077,2305.61,94401.58,514,98.71
1766167827098,2305.61,94401.58,514,98.71
1766167827209,2064.82,94401.61,515,98.71
1766167827209,2064.82,94401.61,515,98.71
1766167827309,2218.73,94555.51,515,98.71
1766167827326,2241.24,94578.03,515,98.71
1766167827356,2275.33,94612.11,515,98.71
1766167827424,2275.33,94612.11,515,98.71
1766167827451,2275.33,94612.11,515,98.71
1766167827519,2275.33,94612.11,515,98.71
1766167827555,2275.33,94612.11,515,98.71
1766167827728,1980.58,94612.13,516,98.71
1766167827729,1980.73,94612.28,516,98.71
1766167827854,2007.17,94638.72,516,98.71
1766167827855,2107.09,94738.63,516,98.71
1766167827957,2198.68,94830.23,516,98.71
1766167827958,2211.11,94842.66,516,98.71
1766167828002,2211.11,94842.66,516,98.71
1766167828069,2211.11,94842.66,516,98.71
1766167828097,2211.11,94842.66,516,98.71
1766167828218,2000.61,94842.68,517,100.23
1766167828218,2000.61,94842.68,517,100.23
1766167828343,2042.55,94884.63,517,100.23
1766167828346,2073.17,94915.24,517,100.23
1766167828347,2073.60,94915.67,517,100.23
1766167828461,2218.61,95060.68,517,100.23
1766167828507,2237.86,95079.93,517,100.23
1766167828603,2300.85,95142.92,517,100.23
1766167828657,2363.65,95205.72,517,100.23
1766167828771,2136.93,95209.54,518,100.23
1766167828771,2136.93,95209.55,518,100.23
1766167828800,2151.45,95224.07,518,100.23
1766167828879,2191.12,95263.74,518,100.23
1766167828909,2232.18,95304.80,518,100.23
1766167828966,2311.32,95383.93,518,100.23
1766167829014,2345.18,95417.80,518,100.23
1766167829064,2372.99,95445.60,518,100.23
1766167829106,2396.50,95469.12,518,100.23
1766167829291,2057.88,95497.35,519,100.23
1766167829292,2057.88,95497.36,519,100.23
1766167829336,2213.79,95653.27,519,100.23
1766167829353,2237.10,95676.58,519,100.23
1766167829409,2262.57,95702.05,519,100.23
1766167829457,2280.32,95719.80,519,100.23
1766167829533,2297.83,95737.31,519,100.23
1766167829570,2314.42,95753.90,519,100.23
1766167829610,2327.63,95767.11,519,100.23
1766167829659,2344.77,95784.24,519,100.23
1766167829698,2360.91,95800.39,519,100.23
1766167829845,2083.53,95810.82,520,100.23
1766167829845,2083.53,95810.82,520,100.23
1766167829854,2088.80,95816.09,520,100.23
1766167829956,2116.16,95843.45,520,100.23
1766167830004,2146.92,95874.22,520,100.23
1766167830029,2253.17,95980.46,520,100.23
1766167830068,2279.88,96007.18,520,100.23
1766167830126,2299.62,96026.91,520,100.23
1766167830156,2335.79,96063.08,520,100.23
1766167830261,2056.12,96096.88,521,100.76
1766167830262,2056.14,96096.89,521,100.76
1766167830338,2085.34,96126.09,521,100.76
1766167830396,2110.66,96151.41,521,100.76
1766167830429,2191.19,96231.95,521,100.76
1766167830500,2329.79,96370.55,521,100.76
1766167830507,2365.81,96406.57,521,100.76
1766167830576,2384.51,96425.27,521,100.76
1766167830608,2413.04,96453.80,521,100.76
1766167830789,2158.76,96485.58,522,100.76
1766167830793,2163.90,96490.73,522,100.76
1766167830903,2359.18,96686.01,522,100.76
1766167830922,2379.36,96706.18,522,100.76
1766167830997,2400.87,96727.70,522,100.76
1766167831515,2246.49,96950.75,523,100.76
1766167831524,2249.23,96953.49,523,100.76
1766167831559,2276.58,96980.84,523,100.76
1766167831894,2256.44,97214.10,524,100.76
1766167831913,2273.93,97231.59,524,100.76
1766167831951,2305.23,97262.90,524,100.76
1766167832287,2207.81,97459.13,525,100.76
1766167832331,2231.56,97482.88,525,100.76
1766167832356,2240.11,97491.43,525,100.76
1766167832458,2293.55,97544.87,525,100.76
1766167832505,2322.28,97573.60,525,100.76
1766167832925,2280.82,97801.88,526,100.76
1766167832956,2300.13,97821.19,526,100.76
1766167833001,2316.45,97837.52,526,100.76
1766167833103,2367.31,97888.37,526,100.76
1766167833312,2085.79,97889.40,527,100.76
1766167833364,2244.80,98048.42,527,100.76
1766167833462,2273.65,98077.26,527,100.76
1766167833497,2292.29,98095.90,527,100.76
1766167833555,2292.29,98095.90,527,100.76
1766167833614,2292.29,98095.90,527,100.76
1766167833652,2292.29,98095.90,527,100.76
1766167833843,2142.08,98260.48,528,100.76
1766167833843,2142.09,98260.48,528,100.76
1766167833874,2159.76,98278.15,528,100.76
1766167833918,2175.38,98293.77,528,100.76
1766167833966,2198.14,98316.53,528,100.76
1766167834029,2210.57,98328.96,528,100.76
1766167834064,2210.57,98328.96,528,100.76
1766167834115,2210.57,98328.96,528,100.76
1766167834147,2210.57,98328.97,528,100.76
1766167834239,2003.07,98328.99,529,100.76
1766167834281,2019.27,98345.19,529,100.76
1766167834333,2046.77,98372.69,529,100.76
1766167834389,2081.72,98407.64,529,100.76
1766167834405,2153.18,98479.10,529,100.76
1766167834449,2191.30,98517.22,529,100.76
1766167834508,2222.97,98548.89,529,100.76
1766167834554,2241.36,98567.29,529,100.76
1766167834601,2256.23,98582.15,529,100.76
1766167834729,2040.98,98599.97,530,100.76
1766167834729,2040.99,98599.97,530,100.76
1766167834767,2055.56,98614.54,530,100.76
1766167834835,2103.24,98662.23,530,100.76
1766167834849,2127.59,98686.58,530,100.76
1766167835021,2306.56,98865.55,530,100.76
1766167835049,2318.94,98877.92,530,100.76
1766167835098,2318.94,98877.92,530,100.76
1766167835245,2047.99,98877.94,531,100.76
1766167835245,2047.99,98877.95,531,100.76
1766167835322,2180.66,99010.62,531,100.76
1766167835367,2223.37,99053.33,531,100.76
1766167835369,2249.11,99079.06,531,100.76
1766167835419,2266.37,99096.32,531,100.76
1766167835472,2302.43,99132.38,531,100.76
1766167835509,2321.53,99151.49,531,100.76
1766167835572,2346.49,99176.45,531,100.76
1766167835598,2359.55,99189.50,531,100.76
1766167835732,2091.72,99199.66,532,100.76
1766167835733,2091.72,99199.66,532,100.76
1766167835781,2104.08,99212.02,532,100.76
1766167835865,2132.10,99240.03,532,100.76
1766167835910,2161.37,99269.31,532,100.76
1766167835913,2271.75,99379.69,532,100.76
1766167835954,2315.90,99423.84,532,100.76
1766167836009,2355.15,99463.09,532,100.76
1766167836058,2372.00,99479.94,532,100.76
1766167836251,2121.90,99551.61,533,100.76
1766167836269,2126.46,99556.17,533,100.76
1766167836311,2224.84,99654.55,533,100.76
1766167836367,2267.94,99697.65,533,100.76
1766167836414,2286.94,99716.64,533,100.76
1766167836472,2304.53,99734.23,533,100.76
1766167836503,2317.43,99747.13,533,100.76
1766167836597,2339.65,99769.35,533,100.76
1766167836597,2340.73,99770.44,533,100.76
1766167836652,2362.16,99791.87,533,100.76
1766167836782,2091.29,99801.31,534,101.09
1766167836782,2091.30,99801.31,534,101.09
1766167836800,2099.39,99809.41,534,101.09
1766167836896,2131.34,99841.36,534,101.09
1766167836952,2174.23,99884.25,534,101.09
1766167836955,2247.03,99957.05,534,101.09
1766167837019,2285.92,99995.93,534,101.09
1766167837057,2303.68,100013.70,534,101.09
1766167837100,2336.57,100046.59,534,101.09
1766167837271,2015.25,100046.61,535,101.09
1766167837272,2015.26,100046.61,535,101.09
1766167837311,2033.32,100064.67,535,101.09
1766167837392,2075.24,100106.60,535,101.09
1766167837426,2110.46,100141.81,535,101.09
1766167837525,2237.32,100268.67,535,101.09
1766167837550,2246.23,100277.58,535,101.09
1766167837709,2000.95,100277.60,536,101.09
1766167837711,2000.95,100277.61,536,101.09
1766167837756,2024.55,100301.20,536,101.09
1766167837801,2046.00,100322.66,536,101.09
1766167837901,2167.46,100444.12,536,101.09
1766167837912,2213.06,100489.71,536,101.09
1766167838015,2251.19,100527.84,536,101.09
1766167838048,2267.94,100544.59,536,101.09
1766167838161,2036.96,100544.61,537,101.09
1766167838161,2036.96,100544.61,537,101.09
1766167838199,2062.75,100570.40,537,101.09
1766167838285,2091.97,100599.62,537,101.09
1766167838315,2204.23,100711.88,537,101.09
1766167838415,2258.79,100766.44,537,101.09
1766167838416,2290.11,100797.76,537,101.09
1766167838450,2295.09,100802.74,537,101.09
1766167838503,2295.09,100802.74,537,101.09
1766167838643,2028.11,100802.76,538,101.64
1766167838645,2028.11,100802.76,538,101.64
1766167838719,2054.44,100829.09,538,101.64
1766167838753,2067.94,100842.59,538,101.64
1766167838792,2082.00,100856.66,538,101.64
1766167838809,2176.02,100950.68,538,101.64
1766167838859,2217.85,100992.50,538,101.64
1766167838921,2258.02,101032.67,538,101.64
1766167838953,2260.05,101034.70,538,101.64
1766167839017,2289.33,101063.99,538,101.64
1766167839053,2312.69,101087.34,538,101.64
1766167839201,2074.26,101107.06,539,101.64
1766167839202,2074.26,101107.06,539,101.64
1766167839281,2095.84,101128.65,539,101.64
1766167839336,2181.77,101214.57,539,101.64
1766167839367,2238.43,101271.24,539,101.64
1766167839406,2267.70,101300.51,539,101.64
1766167839511,2299.02,101331.82,539,101.64
1766167839553,2302.51,101335.32,539,101.64
1766167839701,1998.24,101335.34,540,102.14
1766167839701,1998.24,101335.34,540,102.14
1766167839815,2110.55,101447.65,540,102.14
1766167839888,2217.62,101554.72,540,102.14
1766167839902,2217.62,101554.72,540,102.14
1766167839954,2243.07,101580.18,540,102.14
1766167840001,2256.85,101593.95,540,102.14
1766167840070,2279.69,101616.79,540,102.14
1766167840097,2295.82,101632.93,540,102.14
1766167840225,2086.07,101651.46,541,102.14
1766167840225,2086.08,101651.46,541,102.14
1766167840299,2250.89,101816.28,541,102.14
1766167840378,2294.57,101859.96,541,102.14
1766167840415,2307.05,101872.44,541,102.14
1766167840457,2319.66,101885.05,541,102.14
1766167840528,2335.57,101900.96,541,102.14
1766167840562,2347.56,101912.95,541,102.14
1766167840607,2359.04,101924.42,541,102.14
1766167840652,2376.04,101941.43,541,102.14
1766167840843,2064.33,101945.84,542,102.14
1766167840968,2233.46,102114.97,542,102.14
1766167841112,2241.05,102122.56,542,102.14
1766167841127,2311.72,102193.23,542,102.14
1766167841147,2311.72,102193.23,542,102.14
1766167841218,2311.72,102193.23,542,102.14
1766167841366,2017.67,102193.55,543,103.70
1766167841369,2017.70,102193.58,543,103.70
1766167841469,2207.15,102383.03,543,103.70
1766167841475,2221.77,102397.65,543,103.70
1766167841507,2233.82,102409.71,543,103.70
1766167841549,2233.82,102409.71,543,103.70
1766167841598,2233.83,102409.71,543,103.70
1766167841662,2233.83,102409.71,543,103.70
1766167841702,2233.83,102409.71,543,103.70
1766167841841,1986.42,102409.73,544,104.21
1766167841951,2025.11,102448.42,544,104.21
1766167841989,2042.73,102466.03,544,104.21
1766167842071,2166.66,102589.97,544,104.21
1766167842098,2184.57,102607.88,544,104.21
1766167842158,2212.45,102635.76,544,104.21
1766167842199,2234.50,102657.81,544,104.21
1766167842336,2053.42,102693.19,545,104.21
1766167842354,2064.45,102704.23,545,104.21
1766167842458,2196.59,102836.36,545,104.21
1766167842512,2246.66,102886.43,545,104.21
1766167842553,2263.71,102903.48,545,104.21
1766167842606,2289.59,102929.36,545,104.21
1766167842682,2331.57,102971.34,545,104.21
1766167842703,2351.26,102991.04,545,104.21
1766167842879,2121.46,103044.70,546,104.21
1766167842879,2121.47,103044.70,546,104.21
1766167842936,2148.05,103071.29,546,104.21
1766167843046,2265.93,103189.17,546,104.21
1766167843049,2309.94,103233.18,546,104.21
1766167843116,2340.13,103263.37,546,104.21
1766167843153,2356.32,103279.56,546,104.21
1766167843205,2389.09,103312.33,546,104.21
1766167843250,2414.82,103338.06,546,104.21
1766167843427,2098.86,103373.60,547,104.21
1766167843427,2098.86,103373.61,547,104.21
1766167843477,2277.60,103552.35,547,104.21
1766167843502,2286.58,103561.33,547,104.21
1766167843588,2305.69,103580.44,547,104.21
1766167843612,2311.65,103586.39,547,104.21
1766167843660,2332.71,103607.45,547,104.21
1766167843709,2356.77,103631.52,547,104.21
1766167843785,2379.50,103654.25,547,104.21
1766167843798,2390.52,103665.26,547,104.21
1766167843932,2068.04,103668.28,548,105.76
1766167843932,2068.04,103668.28,548,105.76
1766167843974,2076.50,103676.74,548,105.76
1766167844098,2215.00,103815.24,548,105.76
1766167844129,2256.38,103856.62,548,105.76
1766167844174,2285.10,103885.34,548,105.76
1766167844203,2309.78,103910.02,548,105.76
1766167844262,2341.97,103942.21,548,105.76
1766167844308,2341.97,103942.21,548,105.76
1766167844372,2341.97,103942.21,548,105.76
1766167844401,2341.97,103942.21,548,105.76
1766167844627,2043.80,103942.23,549,106.27
1766167844627,2043.80,103942.23,549,106.27
1766167844688,2048.47,103946.90,549,106.27
1766167844840,2057.00,103955.43,549,106.27
1766167844936,2063.83,103962.26,549,106.27
1766167844949,2071.06,103969.49,549,106.27
1766167844949,2071.06,103969.49,549,106.27
1766167845010,2081.38,103979.81,549,106.27
1766167845143,2178.12,104076.55,549,106.27
1766167845169,2223.89,104122.32,549,106.27
1766167845215,2261.45,104159.88,549,106.27
1766167845281,2287.43,104185.86,549,106.27
1766167845298,2289.32,104187.75,549,106.27
1766167845419,2015.27,104187.76,550,106.27
1766167845708,2303.37,104475.86,550,106.27
1766167845854,2320.60,104493.10,550,106.27
1766167846006,2127.66,104545.75,551,106.27
1766167846006,2127.66,104545.76,551,106.27
1766167846063,2159.55,104577.64,551,106.27
1766167846129,2205.61,104623.70,551,106.27
1766167846165,2270.79,104688.88,551,106.27
1766167846227,2342.97,104761.06,551,106.27
1766167846261,2353.40,104771.49,551,106.27
1766167846334,2353.40,104771.49,551,106.27
1766167846354,2353.40,104771.49,551,106.27
1766167846534,1995.43,104771.51,552,106.27
1766167846535,1995.43,104771.51,552,106.27
1766167846554,2001.64,104777.72,552,106.27
1766167846626,2034.38,104810.46,552,106.27
1766167846701,2075.96,104852.04,552,106.27
1766167846797,2180.48,104956.56,552,106.27
1766167846849,2231.57,105007.65,552,106.27
1766167846924,2272.53,105048.61,552,106.27
1766167846941,2301.45,105077.53,552,106.27
1766167846949,2301.45,105077.53,552,106.27
1766167847062,2075.71,105077.54,553,106.27
1766167847064,2075.71,105077.55,553,106.27
1766167847255,2275.38,105277.21,553,106.27
1766167847255,2276.40,105278.23,553,106.27
1766167847308,2300.28,105302.11,553,106.27
1766167847367,2300.28,105302.11,553,106.27
1766167847399,2300.28,105302.11,553,106.27
1766167847447,2300.28,105302.11,553,106.27
1766167847592,2041.71,105349.58,554,106.27
1766167847639,2169.12,105476.99,554,106.27
1766167847662,2186.85,105494.72,554,106.27
1766167847703,2202.17,105510.04,554,106.27
1766167847752,2235.01,105542.88,554,106.27
1766167847820,2242.30,105550.17,554,106.27
1766167847855,2242.30,105550.17,554,106.27
1766167847908,2242.30,105550.17,554,106.27
1766167847947,2242.30,105550.17,554,106.27
1766167848044,2017.73,105550.19,555,106.27
1766167848052,2019.28,105551.74,555,106.27
1766167848169,2065.21,105597.67,555,106.27
1766167848191,2201.42,105733.88,555,106.27
1766167848220,2201.81,105734.28,555,106.27
1766167848283,2252.35,105784.81,555,106.27
1766167848312,2252.35,105784.81,555,106.27
1766167848359,2279.72,105812.18,555,106.27
1766167848397,2292.03,105824.49,555,106.27
1766167848588,2219.46,106000.03,556,106.27
1766167848599,2220.99,106001.56,556,106.27
1766167848652,2280.75,106061.32,556,106.27
1766167848708,2303.53,106084.10,556,106.27
1766167848759,2312.23,106092.80,556,106.27
1766167848852,2339.31,106119.88,556,106.27
1766167848853,2341.06,106121.63,556,106.27
1766167848989,2081.87,106136.75,557,106.27
1766167848991,2081.87,106136.76,557,106.27
1766167849063,2099.01,106153.90,557,106.27
1766167849085,2177.18,106232.06,557,106.27
1766167849112,2265.16,106320.04,557,106.27
1766167849180,2308.47,106363.36,557,106.27
1766167849209,2308.53,106363.41,557,106.27
1766167849257,2334.17,106389.06,557,106.27
1766167849313,2365.35,106420.24,557,106.27
1766167849350,2365.35,106420.24,557,106.27
1766167849407,2365.35,106420.24,557,106.27
1766167849559,2053.12,106420.26,558,106.27
1766167849564,2053.12,106420.26,558,106.27
1766167849652,2080.90,106448.03,558,106.27
1766167849689,2097.46,106464.60,558,106.27
1766167849745,2223.22,106590.36,558,106.27
1766167849776,2246.17,106613.30,558,106.27
1766167849831,2282.07,106649.21,558,106.27
1766167849886,2326.69,106693.83,558,106.27
1766167849897,2326.69,106693.83,558,106.27
1766167850044,2043.10,106693.85,559,106.86
1766167850044,2043.10,106693.85,559,106.86
1766167850049,2045.38,106696.12,559,106.86
1766167850101,2077.41,106728.15,559,106.86
1766167850172,2126.42,106777.16,559,106.86
1766167850196,2134.52,106785.26,559,106.86
1766167850275,2249.79,106900.54,559,106.86
1766167850302,2266.26,106917.01,559,106.86
1766167850402,2266.26,106917.01,559,106.86
1766167850402,2266.26,106917.01,559,106.86
1766167850554,1992.58,106917.02,560,106.86
1766167850556,1992.58,106917.03,560,106.86
1766167850626,2116.96,107041.41,560,106.86
1766167850658,2178.73,107103.18,560,106.86
1766167850701,2206.19,107130.64,560,106.86
1766167850757,2206.19,107130.64,560,106.86
1766167850809,2206.19,107130.64,560,106.86
1766167850853,2206.19,107130.64,560,106.86
1766167850899,2206.19,107130.64,560,106.86
1766167850948,2206.19,107130.64,560,106.86
1766167851045,1983.19,107130.87,561,106.86
1766167851193,2211.91,107359.59,561,106.86
1766167851199,2211.91,107359.59,561,106.86
1766167851210,2211.91,107359.59,561,106.86
1766167851306,2253.94,107401.62,561,106.86
1766167851388,2299.54,107447.22,561,106.86
1766167851407,2304.43,107452.11,561,106.86
1766167851453,2338.11,107485.79,561,106.86
1766167851584,2170.70,107532.07,562,107.17
1766167851677,2330.58,107691.95,562,107.17
1766167851710,2360.68,107722.05,562,107.17
1766167851772,2368.22,107729.59,562,107.17
1766167851869,2402.77,107764.14,562,107.17
1766167851898,2424.82,107786.19,562,107.17
1766167852084,2032.52,107795.13,563,107.17
1766167852084,2032.53,107795.14,563,107.17
1766167852139,2051.17,107813.78,563,107.17
1766167852191,2075.33,107837.94,563,107.17
1766167852239,2102.23,107864.84,563,107.17
1766167852264,2159.95,107922.56,563,107.17
1766167852302,2230.94,107993.55,563,107.17
1766167852354,2248.25,108010.86,563,107.17
1766167852438,2277.60,108040.20,563,107.17
1766167852449,2284.49,108047.10,563,107.17
1766167852546,2022.25,108048.15,564,107.17
1766167852547,2022.27,108048.16,564,107.17
1766167852682,2209.23,108235.13,564,107.17
1766167852714,2222.53,108248.43,564,107.17
1766167852763,2222.53,108248.43,564,107.17
1766167852809,2222.53,108248.43,564,107.17
1766167852847,2222.53,108248.43,564,107.17
1766167853012,1969.47,108248.44,565,107.17
1766167853012,1969.47,108248.45,565,107.17
1766167853136,2064.53,108343.51,565,107.17
1766167853150,2151.95,108430.92,565,107.17
1766167853220,2156.80,108435.77,565,107.17
1766167853252,2156.80,108435.77,565,107.17
1766167853307,2156.80,108435.77,565,107.17
1766167853354,2156.80,108435.77,565,107.17
1766167853398,2156.80,108435.77,565,107.17
1766167853481,1956.52,108435.79,566,107.17
1766167853510,1961.06,108440.33,566,107.17
1766167853611,2004.28,108483.55,566,107.17
1766167853622,2081.58,108560.85,566,107.17
1766167853683,2164.51,108643.78,566,107.17
1766167853719,2196.96,108676.23,566,107.17
1766167853797,2196.96,108676.23,566,107.17
1766167853797,2196.96,108676.23,566,107.17
1766167853853,2196.96,108676.23,566,107.17
1766167854003,2031.14,108697.81,567,107.17
1766167854058,2055.99,108722.65,567,107.17
1766167854085,2132.40,108799.06,567,107.17
1766167854102,2197.63,108864.30,567,107.17
1766167854170,2232.61,108899.28,567,107.17
1766167854203,2236.90,108903.56,567,107.17
1766167854254,2236.90,108903.56,567,107.17
1766167854309,2236.90,108903.56,567,107.17
1766167854349,2236.90,108903.56,567,107.17
1766167854501,1996.45,108903.58,568,107.69
1766167854501,1996.46,108903.58,568,107.69
1766167854597,2021.68,108928.81,568,107.69
1766167854600,2042.50,108949.62,568,107.69
1766167854684,2127.51,109034.64,568,107.69
1766167854705,2176.53,109083.66,568,107.69
1766167854781,2222.17,109129.29,568,107.69
1766167854809,2236.53,109143.66,568,107.69
1766167854852,2262.07,109169.19,568,107.69
1766167854982,2052.60,109187.11,569,107.69
1766167855079,2228.71,109363.22,569,107.69
1766167855103,2228.71,109363.22,569,107.69
1766167855175,2228.71,109363.22,569,107.69
1766167855253,2235.55,109370.06,569,107.69
1766167855258,2243.80,109378.31,569,107.69
1766167855303,2260.68,109395.19,569,107.69
1766167855352,2275.81,109410.32,569,107.69
1766167855486,1999.12,109416.97,570,107.69
1766167855486,1999.13,109416.97,570,107.69
1766167855560,2179.23,109597.08,570,107.69
1766167855581,2224.21,109642.06,570,107.69
1766167855612,2247.63,109665.48,570,107.69
1766167855688,2247.63,109665.48,570,107.69
1766167855699,2247.63,109665.48,570,107.69
1766167855751,2247.63,109665.48,570,107.69
1766167855848,2247.63,109665.48,570,107.69
1766167855850,2247.63,109665.48,570,107.69
1766167855899,2247.63,109665.48,570,107.69
1766167856052,2017.68,109665.65,571,107.69
1766167856101,2044.11,109692.08,571,107.69
1766167856118,2178.74,109826.71,571,107.69
1766167856159,2211.53,109859.49,571,107.69
1766167856203,2244.10,109892.07,571,107.69
1766167856268,2252.55,109900.51,571,107.69
1766167856302,2252.55,109900.51,571,107.69
1766167856351,2252.55,109900.51,571,107.69
1766167856406,2252.55,109900.51,571,107.69
1766167856535,2003.93,109900.52,572,107.69
1766167856535,2003.93,109900.53,572,107.69
1766167856558,2012.46,109909.05,572,107.69
1766167856604,2035.65,109932.24,572,107.69
1766167856689,2072.38,109968.97,572,107.69
1766167856705,2182.16,110078.75,572,107.69
1766167856788,2228.76,110125.35,572,107.69
1766167856800,2242.38,110138.97,572,107.69
1766167856859,2274.40,110171.00,572,107.69
1766167856990,2065.55,110197.29,573,107.69
1766167857048,2089.25,110220.98,573,107.69
1766167857074,2106.48,110238.21,573,107.69
1766167857145,2149.71,110281.44,573,107.69
1766167857175,2225.69,110357.42,573,107.69
1766167857226,2276.06,110407.79,573,107.69
1766167857283,2326.21,110457.94,573,107.69
1766167857299,2344.55,110476.28,573,107.69
1766167857362,2374.40,110506.13,573,107.69
1766167857399,2397.87,110529.60,573,107.69
1766167857474,2101.53,110530.08,574,107.69
1766167857548,2134.61,110563.16,574,107.69
1766167857595,2142.19,110570.73,574,107.69
1766167857658,2285.46,110714.01,574,107.69
1766167857665,2322.95,110751.50,574,107.69
1766167857842,2371.43,110799.98,574,107.69
1766167857909,2400.85,110829.40,574,107.69
1766167857929,2413.74,110842.29,574,107.69
1766167858014,2080.74,110842.30,575,107.69
1766167858029,2088.91,110850.47,575,107.69
1766167858075,2102.78,110864.34,575,107.69
1766167858136,2125.40,110886.97,575,107.69
1766167858179,2174.70,110936.27,575,107.69
1766167858225,2315.75,111077.31,575,107.69
1766167858253,2377.48,111139.04,575,107.69
1766167858302,2419.33,111180.89,575,107.69
1766167858358,2424.05,111185.61,575,107.69
1766167858399,2424.05,111185.61,575,107.69
1766167858487,2111.78,111185.62,576,107.69
1766167858569,2216.90,111290.74,576,107.69
1766167858612,2260.28,111334.11,576,107.69
1766167858673,2283.78,111357.61,576,107.69
1766167858709,2283.78,111357.61,576,107.69
1766167858762,2283.78,111357.61,576,107.69
1766167858803,2283.78,111357.61,576,107.69
1766167858850,2283.78,111357.61,576,107.69
1766167858915,2293.56,111367.39,576,107.69
1766167858959,2323.45,111397.28,576,107.69
1766167859039,1988.85,111406.22,577,107.69
1766167859103,1997.60,111414.97,577,107.69
1766167859234,2195.56,111612.93,577,107.69
1766167859257,2209.25,111626.62,577,107.69
1766167859346,2247.68,111665.06,577,107.69
1766167859353,2255.24,111672.61,577,107.69
1766167859404,2280.29,111697.67,577,107.69
1766167859482,2072.68,111710.77,578,107.69
1766167860375,1767.86,111736.09,580,110.86
